id,name,age,salary,joining_date,is_active,city,rating,experience_years,email,phone,status
0.0,Unknown,56,NaN,2024-08-08 00:00:00,False,Bangalore,4.8,10,user0@example.com,1670094950,unknown
1.0,Ravi,36,unknown,2018-05-23 00:00:00,True,?,1.2,3,user1@example.com,9678344341,unknown
2.0,Unknown,19,113859.84,2024-07-17 00:00:00,True,Bangalore,10,5,user2@example.com,6075899583,Inactive
3.0,Amit,38,100272.6,2024-04-08 00:00:00,Yes,Pune,3.1,11,user3@example.com,2250819632,Inactive
4.0,,44,99540.88,2025-04-11 00:00:00,True,Delhi,1.2,15,user4@example.com,,unknown
5.0,Ravi,32,79289.1,2022-06-27 00:00:00,No,?,3.5,five,user5@example.com,12345,Inactive
6.0,Sara,61,86850.48,2022-11-19 00:00:00,True,Mumbai,2.9,4,user6@example.com,12345,unknown
7.0,Neha,68,108439.98,2022-11-28 00:00:00,True,Delhi,10,6,user7@example.com,12345,Inactive
8.0,Ravi,35,unknown,2021-09-01 00:00:00,,Delhi,4.8,13,user8@example.com,6950318585,Pending
9.0,Neha,26,22075.61,2023-01-24 00:00:00,,Delhi,3.7,14,user9@example.com,2111451555,Inactive
10.0,Akshay,67,106127.9,2023-06-01 00:00:00,,?,bad,5,user10@example.com,7643070057,unknown
11.0,Sara,21,44031.08,2016-12-03 00:00:00,True,?,4.4,,invalid@,12345,unknown
12.0,Amit,,78468.04,2015-07-21 00:00:00,True,Pune,bad,3,,8418576734,
13.0,,65,,2024-02-25 00:00:00,No,Pune,bad,7,user13@example.com,6136707286,Active
14.0,Ravi,57,unknown,2025-05-24 00:00:00,,,10,15,,2165435217,Inactive
15.0,Ravi,64,127735.88,2025-12-07 00:00:00,Yes,Hyderabad,4.9,12,,2272485020,unknown
16.0,,32,41484.7,2025-10-03 00:00:00,,Hyderabad,,6,user16@example.com,4316766039,
17.0,Neha,18,45833.04,2019-02-04 00:00:00,Yes,Bangalore,bad,10,user17@example.com,9907953924,Active
18.0,Akshay,59,66600.54,2020-09-19 00:00:00,,?,,6,user18@example.com,3677045063,unknown
,,29,,2023-02-25 00:00:00,True,Pune,1.4,4,invalid@,2644658402,unknown
20.0,Sara,54,146322.57,2022-05-14 00:00:00,No,Delhi,4.0,,user20@example.com,6308514806,unknown
21.0,Sara,31,84193.43,2016-01-28 00:00:00,No,Mumbai,3.8,9,user21@example.com,9724921918,
,Ravi,49,NaN,2022-08-22 00:00:00,False,?,2.9,3,user22@example.com,5893391332,Pending
23.0,Akshay,40,98574.26,2019-08-06 00:00:00,False,NA,4.0,3,user23@example.com,1330626207,Pending
24.0,Sara,24,,,No,Pune,2.2,five,user24@example.com,,Inactive
25.0,Ravi,39,134460.82,2022-06-22 00:00:00,False,NA,4.2,5,user25@example.com,7611424586,
26.0,Neha,?,62164.85,not available,No,?,1.5,6,,5767636704,
27.0,,18,49631.57,2022-05-04 00:00:00,,Delhi,4.3,8,user27@example.com,9619793766,Active
28.0,Ravi,23,86397.15,2016-10-10 00:00:00,,?,2.9,0,user28@example.com,6234552479,
29.0,,-5,87442.78,2024-01-18 00:00:00,Yes,Pune,2.6,16,user29@example.com,12345,unknown
30.0,Priya,69,52093.89,2025-08-14 00:00:00,True,Mumbai,3.0,five,user30@example.com,1636028516,
31.0,Sara,66,149706.26,2016-11-29 00:00:00,False,,3.4,1,user31@example.com,2028910482,Active
32.0,Priya,19,89021.5,2022-08-09 00:00:00,,Pune,4.9,five,user32@example.com,7007905237,Inactive
33.0,Priya,28,126136.14,2020-12-31 00:00:00,No,,4.3,5,user33@example.com,12345,Inactive
34.0,Sara,33,25300.77,2016-10-21 00:00:00,False,NA,2.3,3,user34@example.com,12345,Pending
35.0,Neha,36,112449.44,2019-03-15 00:00:00,,Mumbai,1.9,6,user35@example.com,12345,Inactive
36.0,Sara,69,142268.02,2020-05-13 00:00:00,True,Bangalore,2.5,,user36@example.com,8892904807,unknown
37.0,Akshay,18,107839.72,2021-11-25 00:00:00,,NA,1.8,9,user37@example.com,9513348207,
38.0,Priya,69,88854.58,2020-08-11 00:00:00,Yes,Mumbai,5.0,11,user38@example.com,4867266084,Active
39.0,Neha,49,102303.19,2020-08-18 00:00:00,Yes,Hyderabad,2.1,18,user39@example.com,8168249959,
40.0,Unknown,37,95489.26,2023-09-19 00:00:00,True,NA,1.4,2,user40@example.com,1021739356,Active
41.0,Neha,35,40905.05,2015-12-04 00:00:00,True,Mumbai,2.9,2,user41@example.com,1755593187,Pending
42.0,Unknown,50,22349.8,2016-02-02 00:00:00,Yes,?,2.3,19,user42@example.com,6434002806,unknown
43.0,Sara,39,51718.65,2020-09-16 00:00:00,False,Delhi,10,5,user43@example.com,3090541618,Inactive
44.0,Priya,25,102048.02,2015-08-14 00:00:00,False,Hyderabad,2.4,-1,,N/A,
45.0,,50,94997.51,2017-08-17 00:00:00,,?,4.5,15,,1187276799,Inactive
46.0,Unknown,34,149291.57,2021-01-14 00:00:00,No,Bangalore,4.8,5,user46@example.com,5093412388,Inactive
47.0,,41,62997.54,not available,True,Pune,3.2,2,user47@example.com,2653982164,unknown
48.0,Amit,49,130647.77,2024-02-10 00:00:00,No,Hyderabad,2.9,17,user48@example.com,2695186921,Inactive
49.0,Neha,48,129747.71,2018-09-08 00:00:00,Yes,?,3.3,-1,user49@example.com,6835343510,unknown
50.0,Neha,19,53041.27,2021-12-12 00:00:00,No,Bangalore,bad,1,user50@example.com,8476544272,unknown
51.0,Unknown,57,unknown,2024-06-26 00:00:00,,NA,3.8,15,user51@example.com,,
52.0,Amit,56,58166.94,2022-09-07 00:00:00,True,Hyderabad,2.7,17,user52@example.com,3626431383,Pending
53.0,Akshay,30,30607.24,2023-01-29 00:00:00,No,?,3.0,12,user53@example.com,8712870799,Inactive
54.0,,31,135700.69,not available,True,Mumbai,,14,user54@example.com,7178199327,Pending
55.0,Neha,40,107363.4,2015-02-20 00:00:00,No,Pune,2.9,16,user55@example.com,6597482766,
56.0,Ravi,60,36517.87,2023-04-29 00:00:00,True,Pune,4.3,11,user56@example.com,9956499139,unknown
57.0,Ravi,-5,129463.0,,Yes,Delhi,10,five,user57@example.com,7616977454,Active
58.0,Akshay,52,102865.89,2025-08-27 00:00:00,False,,1.5,five,user58@example.com,7512460411,Pending
59.0,Sara,59,61984.34,2016-10-18 00:00:00,No,,2.6,18,user59@example.com,1791707097,Inactive
60.0,Ravi,-5,145144.29,2022-10-09 00:00:00,False,NA,bad,,user60@example.com,1744293433,unknown
61.0,Unknown,18,77505.79,not available,False,Bangalore,2.0,15,user61@example.com,3835526119,Active
62.0,Neha,62,56391.41,2024-02-26 00:00:00,No,NA,3.1,4,,12345,Active
63.0,Ravi,39,114905.11,2023-08-14 00:00:00,,?,3.3,18,,1516103253,Active
64.0,Akshay,46,35089.44,2017-12-28 00:00:00,False,NA,1.4,13,user64@example.com,8317154803,Inactive
65.0,Unknown,22,81642.6,2021-03-15 00:00:00,True,Hyderabad,4.1,6,,7158345949,unknown
66.0,Akshay,54,71805.62,2022-01-13 00:00:00,False,Hyderabad,4.8,3,user66@example.com,6415496883,unknown
67.0,Unknown,48,21989.59,2025-03-19 00:00:00,,,3.0,0,user67@example.com,1699798019,unknown
68.0,Amit,33,29173.94,not available,No,,3.6,16,user68@example.com,2968181152,Inactive
69.0,,68,126683.13,2018-07-15 00:00:00,True,,,2,user69@example.com,5128282016,Pending
70.0,Priya,57,137695.58,2024-12-06 00:00:00,True,Pune,2.1,11,user70@example.com,5462312700,Pending
71.0,Sara,68,100373.0,2022-08-06 00:00:00,False,NA,1.3,7,user71@example.com,4628711833,Pending
72.0,Priya,27,23025.35,,False,Bangalore,,1,,8287430644,Active
73.0,,67,unknown,2019-02-25 00:00:00,,Hyderabad,4.7,3,user73@example.com,4450924308,Inactive
74.0,Priya,53,43067.14,2021-11-09 00:00:00,False,Hyderabad,3.3,five,user74@example.com,4334668262,Pending
75.0,,49,64304.46,2023-12-06 00:00:00,False,Mumbai,3.2,11,user75@example.com,N/A,Inactive
76.0,,,75769.22,2019-03-29 00:00:00,True,Delhi,4.0,2,user76@example.com,2622333213,
77.0,Ravi,34,89462.57,,True,NA,3.0,12,,1229717603,Pending
78.0,Unknown,29,144610.39,2025-11-30 00:00:00,False,NA,1.4,-1,user78@example.com,8201671902,Inactive
79.0,Amit,69,94546.93,2018-10-22 00:00:00,Yes,Hyderabad,,15,,1393866308,Inactive
80.0,Unknown,?,58117.4,,No,,bad,19,user80@example.com,N/A,
81.0,Priya,38,,2024-09-25 00:00:00,True,?,4.8,15,user81@example.com,12345,Pending
82.0,,56,NaN,2020-11-26 00:00:00,No,Hyderabad,4.7,6,,7655175902,Active
,Priya,22,115814.62,2017-01-02 00:00:00,,Mumbai,2.4,17,user83@example.com,4270663241,Pending
84.0,Priya,61,132692.93,2024-01-15 00:00:00,Yes,Pune,1.3,12,user84@example.com,4529862065,Active
85.0,,-5,135946.6,2018-05-02 00:00:00,Yes,NA,10,4,user85@example.com,N/A,unknown
86.0,,46,31028.9,not available,Yes,Delhi,4.9,15,user86@example.com,,Inactive
87.0,,62,68183.48,2016-05-14 00:00:00,Yes,?,1.9,6,user87@example.com,3542142764,Inactive
88.0,Amit,21,65528.37,2024-02-06 00:00:00,True,Mumbai,1.3,11,user88@example.com,8323281574,Inactive
89.0,,44,52334.14,2024-11-11 00:00:00,Yes,Hyderabad,bad,6,user89@example.com,7410776002,
90.0,Neha,62,21475.97,2018-05-28 00:00:00,True,?,3.3,-1,user90@example.com,2610056894,
91.0,Ravi,66,unknown,2024-07-12 00:00:00,False,?,4.5,-1,user91@example.com,7169015412,Inactive
92.0,,23,124274.2,2016-11-15 00:00:00,,Pune,4.9,14,,1186404943,Inactive
93.0,Akshay,38,149085.42,2018-06-06 00:00:00,,Pune,2.0,18,user93@example.com,6008857134,
94.0,Neha,58,48185.18,2018-03-12 00:00:00,,Mumbai,,0,invalid@,3993270325,
95.0,,20,137150.54,2023-04-07 00:00:00,,Pune,2.1,-1,user95@example.com,6962567303,Inactive
96.0,,-5,unknown,2022-07-08 00:00:00,No,?,1.9,4,user96@example.com,2116476131,Inactive
97.0,,44,110761.02,2023-10-22 00:00:00,True,?,2.1,19,user97@example.com,3940898011,
98.0,,65,41140.2,,True,Mumbai,4.6,5,user98@example.com,7084418418,
99.0,Akshay,22,99743.98,2021-11-02 00:00:00,,NA,10,9,user99@example.com,7664019194,Active
100.0,Ravi,62,41428.45,2017-10-12 00:00:00,Yes,Mumbai,2.5,0,user100@example.com,9535285983,
101.0,,64,,2021-02-02 00:00:00,True,Pune,bad,10,user101@example.com,4219414297,
102.0,Ravi,42,146088.87,2022-10-13 00:00:00,No,Pune,10,16,user102@example.com,1272781216,
103.0,Sara,51,24786.84,2016-05-25 00:00:00,,Pune,2.1,five,user103@example.com,8265858011,
104.0,,34,89465.02,2019-07-27 00:00:00,No,Pune,10,5,invalid@,5057737892,unknown
105.0,Priya,?,118420.56,2015-03-24 00:00:00,No,Mumbai,bad,16,user105@example.com,2935072333,
106.0,Ravi,26,36790.72,2015-02-20 00:00:00,No,Pune,2.1,3,user106@example.com,9066896320,unknown
107.0,Akshay,66,NaN,2016-05-02 00:00:00,,?,,1,user107@example.com,7434570489,Inactive
108.0,Unknown,51,81907.39,not available,,Hyderabad,4.3,17,,9452382955,unknown
109.0,Unknown,22,31493.07,2017-02-01 00:00:00,Yes,Hyderabad,2.6,,,3746036109,unknown
110.0,Neha,19,124655.81,2020-11-20 00:00:00,No,Delhi,1.5,1,invalid@,7906684721,unknown
111.0,Amit,51,unknown,2025-09-26 00:00:00,True,Bangalore,2.6,18,user111@example.com,7231612896,Active
112.0,Ravi,41,138361.27,2016-06-25 00:00:00,True,NA,3.5,18,user112@example.com,5078160004,
113.0,Amit,46,,2023-01-26 00:00:00,Yes,,2.8,16,user113@example.com,8597443856,Inactive
114.0,Sara,37,79687.65,2022-02-06 00:00:00,,NA,3.5,1,user114@example.com,1898209917,Active
,Unknown,60,95354.49,2020-03-21 00:00:00,No,NA,3.1,15,user115@example.com,,
,Akshay,48,72039.06,2020-04-19 00:00:00,,?,3.6,five,user116@example.com,,
117.0,Amit,57,,2023-01-26 00:00:00,True,Bangalore,2.4,2,user117@example.com,1825875065,unknown
118.0,Priya,68,25312.92,2017-10-25 00:00:00,,,2.4,9,user118@example.com,1136600085,
119.0,Priya,38,91332.99,2022-05-16 00:00:00,Yes,,2.8,13,user119@example.com,5847937456,Inactive
120.0,Unknown,31,62912.94,2025-12-08 00:00:00,True,Bangalore,1.2,14,user120@example.com,3954012885,Active
121.0,,64,86515.41,2015-04-17 00:00:00,Yes,Hyderabad,4.7,16,user121@example.com,9024292131,unknown
122.0,,18,30987.21,2020-03-05 00:00:00,False,?,1.7,14,user122@example.com,7950351321,
123.0,Amit,45,67958.77,2024-01-01 00:00:00,Yes,Mumbai,3.9,13,user123@example.com,7216588793,Active
124.0,Unknown,55,,2022-08-18 00:00:00,False,Pune,2.6,4,,1908162278,Inactive
125.0,Akshay,39,62574.66,not available,No,Mumbai,,11,,4824785552,unknown
126.0,,30,97167.02,2019-05-23 00:00:00,False,Mumbai,2.4,8,user126@example.com,12345,Active
127.0,Amit,62,82345.67,2021-03-25 00:00:00,Yes,Hyderabad,3.1,1,user127@example.com,6513775528,Active
128.0,Amit,54,NaN,2019-03-22 00:00:00,No,Pune,10,19,user128@example.com,7904397119,Pending
129.0,,51,51765.91,2021-06-20 00:00:00,,Delhi,4.9,4,user129@example.com,2018881312,Active
130.0,Akshay,39,49293.26,2019-05-25 00:00:00,No,Pune,2.0,3,user130@example.com,6096266570,Active
,Akshay,47,NaN,2019-06-19 00:00:00,Yes,Mumbai,1.2,8,user131@example.com,9811707266,Pending
132.0,Neha,68,unknown,2022-02-03 00:00:00,True,NA,2.6,3,user132@example.com,7003744065,Inactive
133.0,Neha,?,94879.79,,,NA,4.7,14,user133@example.com,,Pending
134.0,Priya,23,146758.73,2019-06-18 00:00:00,No,NA,1.7,18,user134@example.com,9286606776,Inactive
135.0,,19,92379.18,,,,3.3,18,user135@example.com,4304946987,Pending
136.0,Unknown,22,unknown,2021-07-01 00:00:00,False,Bangalore,4.9,3,,4162157587,
137.0,,,51513.27,2016-07-12 00:00:00,True,Delhi,bad,0,user137@example.com,8592555149,unknown
138.0,Amit,55,95560.97,2015-05-19 00:00:00,,Mumbai,4.7,12,user138@example.com,2585832837,Active
139.0,Ravi,67,79054.84,2015-09-18 00:00:00,Yes,Delhi,1.3,,,3940212391,Active
140.0,Akshay,19,31422.85,2018-09-04 00:00:00,No,NA,3.7,16,user140@example.com,3558248906,Pending
141.0,Neha,32,81304.9,2020-07-31 00:00:00,No,?,4.2,16,user141@example.com,4567483197,Pending
142.0,Neha,61,73107.38,2020-03-23 00:00:00,,NA,3.9,8,user142@example.com,N/A,unknown
143.0,Sara,51,43560.3,2019-04-20 00:00:00,,Bangalore,,0,user143@example.com,5501532219,Pending
144.0,Ravi,46,,2025-09-16 00:00:00,,Bangalore,4.3,4,user144@example.com,8728953147,
145.0,Amit,47,127267.25,2023-11-11 00:00:00,True,Delhi,4.3,13,user145@example.com,9194222653,
146.0,Priya,21,61105.56,not available,False,Delhi,3.4,17,user146@example.com,9159009567,Active
147.0,Neha,68,101133.2,2020-03-03 00:00:00,Yes,Delhi,4.0,14,user147@example.com,,Pending
148.0,Unknown,50,50187.65,2018-06-02 00:00:00,False,Delhi,2.6,1,user148@example.com,5581094196,Pending
149.0,Ravi,57,49773.3,2023-07-08 00:00:00,False,,1.5,5,user149@example.com,N/A,
150.0,Priya,20,101602.05,2022-02-14 00:00:00,True,NA,1.6,14,user150@example.com,3291197939,unknown
151.0,Priya,47,136206.04,2016-02-24 00:00:00,True,Pune,5.0,0,user151@example.com,2067252708,
152.0,Akshay,44,unknown,2017-08-08 00:00:00,False,,bad,0,user152@example.com,12345,
153.0,Neha,21,94085.66,2024-11-02 00:00:00,Yes,NA,3.0,9,user153@example.com,1442020981,Pending
154.0,Unknown,-5,126763.45,,True,Hyderabad,1.4,3,,1547559639,
155.0,Unknown,69,71647.35,2023-11-03 00:00:00,Yes,Mumbai,,7,user155@example.com,3088889500,
156.0,Sara,64,73164.17,2025-04-14 00:00:00,,Pune,3.9,18,user156@example.com,N/A,Inactive
157.0,Akshay,68,93516.09,2017-03-04 00:00:00,False,?,2.0,4,user157@example.com,9196732745,unknown
158.0,Sara,57,95840.93,2016-12-12 00:00:00,Yes,Pune,10,14,user158@example.com,N/A,unknown
159.0,Neha,43,143146.83,2021-09-09 00:00:00,Yes,Bangalore,bad,12,user159@example.com,7921143256,unknown
160.0,Sara,50,22354.32,2017-04-07 00:00:00,Yes,Mumbai,bad,10,user160@example.com,8607446512,
161.0,Neha,45,68676.6,2020-04-12 00:00:00,True,Pune,2.7,13,user161@example.com,9206334730,Inactive
162.0,Sara,40,35965.4,2019-06-25 00:00:00,False,NA,4.9,five,,6095209379,unknown
163.0,,40,139709.44,2020-01-29 00:00:00,True,?,2.2,18,user163@example.com,2629105582,Active
164.0,Ravi,26,116752.45,2015-07-21 00:00:00,No,Bangalore,4.2,-1,user164@example.com,3592964249,Pending
165.0,Ravi,58,34854.75,2021-04-10 00:00:00,False,Hyderabad,3.1,10,user165@example.com,6782512001,Active
166.0,Akshay,24,65103.92,2016-02-22 00:00:00,,Delhi,4.7,10,user166@example.com,6052543639,Active
167.0,,42,84787.81,2016-12-10 00:00:00,No,Delhi,1.1,0,user167@example.com,4352203548,
168.0,Amit,60,102194.36,2021-01-12 00:00:00,True,Hyderabad,1.9,five,,1764658630,Pending
169.0,Unknown,34,144939.14,2016-11-19 00:00:00,No,,3.2,7,user169@example.com,2286754630,unknown
170.0,Priya,18,,2019-10-26 00:00:00,True,NA,1.3,18,user170@example.com,3684251440,Inactive
171.0,,62,69104.37,2023-10-21 00:00:00,,Mumbai,3.3,17,user171@example.com,4330865741,unknown
172.0,Priya,68,unknown,2023-11-21 00:00:00,Yes,Hyderabad,3.1,,user172@example.com,7188028891,Pending
173.0,Neha,66,72099.2,2019-08-29 00:00:00,False,Mumbai,4.1,,user173@example.com,6457806793,Pending
174.0,Sara,36,103719.94,2024-06-13 00:00:00,False,Pune,bad,0,,9018677126,Inactive
175.0,,46,73037.98,2015-11-09 00:00:00,,Hyderabad,1.9,7,invalid@,6752126200,Pending
176.0,Amit,64,94027.66,2023-07-20 00:00:00,No,,3.6,14,,8860734442,Pending
177.0,,33,71633.86,not available,False,NA,3.7,13,invalid@,4764298642,Pending
178.0,,53,103580.32,2015-03-23 00:00:00,False,Pune,4.6,14,user178@example.com,N/A,
179.0,Unknown,22,64436.26,2017-01-15 00:00:00,False,Mumbai,4.3,2,user179@example.com,9736943222,Active
180.0,Neha,29,127985.09,2017-03-15 00:00:00,,?,2.6,8,user180@example.com,8993226292,Inactive
181.0,,61,48536.37,2024-10-17 00:00:00,Yes,Mumbai,4.1,16,user181@example.com,7724959389,Inactive
182.0,,63,81238.51,2017-01-05 00:00:00,Yes,,,16,user182@example.com,5391472242,Inactive
183.0,Ravi,34,54928.06,2022-02-12 00:00:00,,NA,3.8,6,user183@example.com,1598529781,Active
184.0,Sara,39,128540.93,2020-08-13 00:00:00,False,NA,1.5,12,user184@example.com,6464518358,Inactive
185.0,Unknown,54,22390.79,2023-10-23 00:00:00,True,Delhi,3.1,9,user185@example.com,12345,Active
,Ravi,53,NaN,2015-02-10 00:00:00,True,Delhi,2.1,16,user186@example.com,3797829272,Pending
187.0,Priya,,84670.44,2016-08-10 00:00:00,,?,,,,5896342357,
188.0,Neha,?,37795.13,2025-09-01 00:00:00,No,,bad,5,user188@example.com,,Active
189.0,Neha,44,97663.7,2021-05-04 00:00:00,True,,bad,12,user189@example.com,,Inactive
190.0,Ravi,24,94528.27,2024-07-04 00:00:00,True,NA,2.7,13,,,Pending
,Ravi,19,41616.84,2018-10-18 00:00:00,False,Pune,,0,user191@example.com,9977928884,Inactive
192.0,Amit,53,120228.17,2015-01-29 00:00:00,No,?,2.6,7,user192@example.com,7339588193,
193.0,Ravi,64,144031.3,2016-02-10 00:00:00,,Bangalore,,4,,,Inactive
194.0,Neha,50,55088.46,2017-01-20 00:00:00,No,Pune,bad,19,,3131876797,Pending
195.0,Sara,,unknown,2024-10-18 00:00:00,True,Pune,3.4,1,user195@example.com,4311042713,Inactive
196.0,Unknown,19,33857.77,2022-07-23 00:00:00,True,NA,2.4,-1,,3128119000,
197.0,Neha,60,97777.19,2015-01-25 00:00:00,Yes,NA,2.0,2,user197@example.com,8728432356,
198.0,Neha,61,110310.54,2024-09-19 00:00:00,,NA,1.0,11,user198@example.com,4393082384,unknown
199.0,Ravi,27,109772.83,2019-03-01 00:00:00,True,NA,1.7,15,user199@example.com,4260034128,Inactive
200.0,Amit,40,114133.43,2023-04-12 00:00:00,No,NA,4.4,-1,user200@example.com,4879918033,unknown
201.0,Akshay,42,NaN,2018-07-15 00:00:00,Yes,NA,1.9,five,user201@example.com,5516569576,unknown
202.0,Unknown,62,107089.27,2024-03-13 00:00:00,,Hyderabad,3.8,6,user202@example.com,1775565206,
203.0,Ravi,43,NaN,2023-04-17 00:00:00,False,,2.9,-1,user203@example.com,9735731469,unknown
204.0,Priya,32,110664.63,2015-05-17 00:00:00,Yes,NA,1.8,7,user204@example.com,7106424122,unknown
205.0,Unknown,40,123394.44,2024-01-08 00:00:00,No,,4.4,6,user205@example.com,9748881168,Pending
206.0,Ravi,31,97515.08,2023-05-01 00:00:00,False,Hyderabad,3.2,,user206@example.com,1330511457,
207.0,Neha,?,135049.79,2018-04-09 00:00:00,Yes,Bangalore,bad,-1,user207@example.com,12345,Pending
208.0,Sara,57,77334.18,2023-04-19 00:00:00,Yes,,1.3,14,user208@example.com,6663998872,Pending
209.0,,30,101365.88,2015-01-16 00:00:00,No,NA,2.7,11,,7088142273,
210.0,Unknown,52,unknown,2023-11-16 00:00:00,True,Delhi,5.0,12,user210@example.com,2649112337,Active
211.0,Sara,49,141236.69,2020-03-29 00:00:00,True,Bangalore,5.0,19,user211@example.com,4295048637,Pending
212.0,Neha,66,72251.02,2015-09-02 00:00:00,Yes,Mumbai,2.9,15,,5688812957,Pending
213.0,Unknown,42,unknown,2024-05-23 00:00:00,No,NA,10,19,user213@example.com,4145083456,Pending
,Amit,47,20435.03,2024-08-01 00:00:00,False,Bangalore,10,13,user214@example.com,N/A,
215.0,Ravi,47,130866.84,2015-05-26 00:00:00,False,?,1.9,15,,4909876660,Active
216.0,Priya,63,25863.09,2016-02-03 00:00:00,,,2.5,3,user216@example.com,8722305316,Inactive
217.0,Unknown,54,31623.43,2016-12-10 00:00:00,No,?,4.9,13,user217@example.com,7929549132,unknown
218.0,Amit,51,41714.41,2022-02-24 00:00:00,No,Mumbai,bad,3,user218@example.com,4567582450,Inactive
219.0,Amit,62,35644.04,2023-09-14 00:00:00,,Hyderabad,1.7,8,user219@example.com,N/A,Pending
220.0,Unknown,66,144445.13,2020-03-26 00:00:00,True,Pune,2.4,4,user220@example.com,,Inactive
221.0,Unknown,64,,,Yes,Delhi,1.9,8,user221@example.com,7549960432,unknown
222.0,,59,86982.23,2017-04-29 00:00:00,False,Bangalore,3.8,2,,7970462988,Pending
223.0,Akshay,64,NaN,2023-08-27 00:00:00,True,Mumbai,3.4,13,user223@example.com,1392932961,
224.0,Ravi,?,79466.17,2017-08-09 00:00:00,False,Mumbai,,2,user224@example.com,4817143944,
225.0,Amit,20,144234.69,2018-09-17 00:00:00,Yes,Bangalore,1.1,14,user225@example.com,4157714314,Pending
226.0,,51,73098.92,2017-09-01 00:00:00,Yes,Pune,1.0,4,user226@example.com,5643058117,Inactive
227.0,Sara,-5,145075.86,,True,Hyderabad,10,15,user227@example.com,4841762075,Inactive
228.0,Neha,22,148891.79,2018-02-11 00:00:00,False,?,3.0,,user228@example.com,,Pending
229.0,,49,87090.27,2020-12-02 00:00:00,True,Hyderabad,4.3,7,user229@example.com,7630479911,unknown
230.0,Priya,44,unknown,2020-06-19 00:00:00,No,Bangalore,2.1,,user230@example.com,12345,Inactive
231.0,,23,87763.84,2021-07-11 00:00:00,Yes,?,3.6,0,user231@example.com,4594944874,
232.0,,62,110671.29,2018-04-08 00:00:00,,Mumbai,1.4,5,user232@example.com,4783311082,Pending
233.0,Ravi,62,133339.66,2017-11-20 00:00:00,True,?,4.3,9,user233@example.com,4193343645,Active
234.0,Akshay,56,40898.79,2021-07-31 00:00:00,No,Bangalore,3.2,12,user234@example.com,N/A,Pending
235.0,Ravi,-5,,2020-07-05 00:00:00,Yes,,10,-1,user235@example.com,,Active
236.0,Sara,29,20830.16,2018-06-01 00:00:00,Yes,NA,1.3,16,user236@example.com,3713618448,Pending
237.0,Ravi,-5,35059.7,2022-12-23 00:00:00,True,,3.5,12,user237@example.com,6511915986,
238.0,Unknown,47,22395.6,2018-06-10 00:00:00,,?,4.9,14,user238@example.com,8532079140,
239.0,Amit,46,122544.91,2023-02-11 00:00:00,False,?,3.8,17,user239@example.com,3500403081,unknown
240.0,Sara,18,27529.66,2023-09-27 00:00:00,True,Pune,1.2,17,,9476070591,Pending
241.0,Priya,64,145954.12,2025-04-05 00:00:00,,,3.6,19,,N/A,Pending
242.0,Unknown,29,23196.3,2017-06-25 00:00:00,True,Mumbai,4.3,14,user242@example.com,12345,unknown
243.0,Priya,32,126442.13,2021-11-11 00:00:00,True,,10,1,,7307328737,Inactive
244.0,Sara,46,142759.47,2023-09-06 00:00:00,No,Hyderabad,2.8,6,user244@example.com,3979342492,
245.0,Neha,28,unknown,2023-01-10 00:00:00,True,NA,4.4,14,user245@example.com,6283040339,Inactive
246.0,Neha,39,37073.57,2025-05-06 00:00:00,No,Bangalore,,16,user246@example.com,5943756011,Active
247.0,,45,115065.11,2021-06-08 00:00:00,No,?,2.7,19,user247@example.com,8559546514,Active
248.0,Akshay,22,147917.09,2024-02-11 00:00:00,Yes,Pune,,5,user248@example.com,1860535970,Active
249.0,Neha,66,104716.69,2024-11-04 00:00:00,Yes,Bangalore,bad,17,user249@example.com,6169857496,
250.0,Amit,34,31851.38,2016-06-03 00:00:00,False,Bangalore,4.1,13,user250@example.com,8563540467,Inactive
251.0,Ravi,24,unknown,2021-08-31 00:00:00,True,Hyderabad,10,11,user251@example.com,12345,Pending
252.0,Amit,41,139710.22,2023-01-25 00:00:00,Yes,Delhi,1.7,,user252@example.com,5798802125,Pending
253.0,Amit,24,36274.15,2018-06-13 00:00:00,Yes,Mumbai,2.0,8,user253@example.com,6263654831,Active
254.0,Sara,39,95656.28,2015-04-27 00:00:00,Yes,Pune,3.4,7,user254@example.com,1642443984,Pending
255.0,Akshay,25,80397.82,2020-07-06 00:00:00,Yes,,10,17,user255@example.com,12345,unknown
256.0,Unknown,63,146710.98,2015-06-15 00:00:00,,,bad,10,invalid@,4251544792,Active
257.0,Sara,-5,131815.91,2015-04-12 00:00:00,Yes,Pune,4.6,10,user257@example.com,12345,Inactive
258.0,Unknown,39,,2025-04-20 00:00:00,False,,1.4,16,invalid@,,Pending
259.0,Ravi,,33363.01,2023-07-15 00:00:00,No,?,1.6,five,user259@example.com,6198411867,Active
260.0,Priya,37,64982.15,2017-07-24 00:00:00,Yes,Mumbai,1.0,0,user260@example.com,7589520096,
261.0,Ravi,50,134729.35,2020-05-03 00:00:00,Yes,,bad,0,user261@example.com,1337492083,
,Unknown,?,66514.18,2023-09-10 00:00:00,False,NA,bad,1,,7732536678,Inactive
263.0,Neha,43,109630.45,,,,4.2,1,,12345,
264.0,Priya,59,41772.74,2018-08-21 00:00:00,Yes,,4.8,2,user264@example.com,9725596037,
265.0,Sara,26,NaN,not available,True,Bangalore,4.7,6,,4045391729,Pending
266.0,,,141576.24,2025-09-16 00:00:00,,Mumbai,3.9,19,user266@example.com,,
267.0,Unknown,64,125927.26,2020-08-16 00:00:00,True,?,3.6,15,,8661502485,Inactive
268.0,Unknown,43,82517.5,2023-10-04 00:00:00,,Bangalore,3.1,9,user268@example.com,5645565386,
269.0,,35,27845.77,,,Hyderabad,10,11,user269@example.com,N/A,unknown
270.0,Akshay,30,82306.26,2018-06-20 00:00:00,Yes,Pune,1.9,13,user270@example.com,9777459999,Pending
271.0,,68,41017.43,2020-06-12 00:00:00,Yes,?,bad,17,user271@example.com,5279221599,Active
,Neha,58,84125.99,2023-02-19 00:00:00,,?,1.8,2,user272@example.com,1310089820,unknown
273.0,,32,53498.78,2018-09-17 00:00:00,True,Pune,1.7,19,,12345,Pending
,Priya,54,64971.55,2018-10-19 00:00:00,False,Hyderabad,4.1,17,user274@example.com,12345,Pending
275.0,,66,NaN,2023-03-14 00:00:00,No,,3.3,3,user275@example.com,8409925236,unknown
276.0,Akshay,51,unknown,2019-03-16 00:00:00,Yes,,3.4,-1,user276@example.com,9213538037,Pending
277.0,,29,69900.13,2016-06-13 00:00:00,False,Bangalore,3.5,14,user277@example.com,1565078882,Inactive
278.0,Unknown,43,113057.25,2022-08-31 00:00:00,True,Bangalore,3.4,9,user278@example.com,7496632833,Active
279.0,Neha,54,131070.06,2023-05-11 00:00:00,False,?,bad,8,user279@example.com,5713268725,Active
280.0,,64,97079.39,2021-03-28 00:00:00,True,?,2.4,1,user280@example.com,2679682426,Pending
281.0,Amit,42,146023.6,2020-10-14 00:00:00,Yes,Mumbai,,2,user281@example.com,1038785284,Active
282.0,Akshay,18,120551.51,2025-04-05 00:00:00,False,Hyderabad,,-1,,2018026902,
283.0,Unknown,64,50507.62,2023-06-09 00:00:00,Yes,Bangalore,10,2,user283@example.com,12345,Active
284.0,Priya,31,63015.62,2019-06-17 00:00:00,No,Pune,2.3,8,user284@example.com,2930303620,unknown
285.0,Akshay,37,NaN,,False,,bad,7,user285@example.com,2084598584,Pending
286.0,Priya,37,69316.62,2023-09-14 00:00:00,True,NA,3.9,4,user286@example.com,,
287.0,Akshay,29,81702.01,2024-10-08 00:00:00,Yes,,3.8,14,user287@example.com,1146835347,unknown
288.0,Neha,67,148270.09,2017-08-26 00:00:00,False,Delhi,3.1,19,user288@example.com,5463946524,unknown
289.0,Priya,18,35874.29,2015-07-17 00:00:00,True,Bangalore,1.7,4,,3178556912,Pending
290.0,Sara,68,25404.47,2016-05-04 00:00:00,Yes,?,2.6,17,user290@example.com,9664580221,
291.0,Ravi,51,62006.99,2025-08-04 00:00:00,No,Hyderabad,4.5,14,,5894764883,Active
292.0,Akshay,40,23896.57,2025-08-20 00:00:00,,Bangalore,1.6,17,user292@example.com,8442744187,unknown
293.0,Amit,25,146088.57,2015-05-09 00:00:00,No,Delhi,3.9,5,user293@example.com,5137543150,Inactive
294.0,,39,53189.85,2023-12-09 00:00:00,,Bangalore,4.4,10,user294@example.com,5370197917,Pending
295.0,Amit,,84632.72,2023-10-22 00:00:00,,Mumbai,4.3,14,user295@example.com,12345,Active
296.0,Priya,-5,94179.27,2016-08-10 00:00:00,True,?,1.5,13,invalid@,1926317714,Active
297.0,,48,105655.11,2023-07-22 00:00:00,,Delhi,,15,user297@example.com,3478991720,
298.0,,43,65314.58,2017-10-06 00:00:00,No,,3.4,8,invalid@,12345,
299.0,,50,72898.03,2016-11-18 00:00:00,False,Bangalore,4.0,12,,12345,unknown
300.0,Ravi,48,115998.4,2018-09-09 00:00:00,No,Bangalore,3.6,5,,9270710403,Inactive
301.0,Neha,55,,2015-01-19 00:00:00,Yes,Hyderabad,4.2,17,user301@example.com,4426583528,
302.0,,40,76625.83,2018-09-16 00:00:00,No,Bangalore,2.5,6,,,
303.0,Unknown,42,62689.56,2023-08-03 00:00:00,,Pune,,-1,user303@example.com,2633890194,Pending
304.0,Neha,46,78330.17,2015-11-01 00:00:00,False,NA,,16,user304@example.com,5609341401,Inactive
305.0,Unknown,28,98448.32,2025-02-10 00:00:00,False,Bangalore,10,-1,,7955658057,
306.0,,19,80254.23,2017-10-23 00:00:00,,Bangalore,3.2,7,user306@example.com,9221583259,Active
307.0,,46,64362.22,2015-01-12 00:00:00,True,,1.6,15,user307@example.com,2056861134,Inactive
308.0,Priya,61,81970.41,2015-02-12 00:00:00,False,NA,bad,15,user308@example.com,8379282417,unknown
309.0,Unknown,61,144218.08,2017-10-01 00:00:00,,Hyderabad,,10,invalid@,9896081012,Active
,,32,,2022-10-11 00:00:00,True,NA,3.6,18,,3058076300,Active
311.0,,39,45292.58,2018-09-19 00:00:00,,Pune,2.9,15,user311@example.com,,unknown
312.0,Ravi,-5,88001.01,2021-12-16 00:00:00,False,Mumbai,2.2,14,,N/A,unknown
313.0,Priya,45,90090.97,2023-10-21 00:00:00,No,NA,bad,9,user313@example.com,7012547073,unknown
314.0,Sara,66,146974.28,2020-11-07 00:00:00,True,?,1.5,10,user314@example.com,,Pending
315.0,Priya,24,108545.32,2025-01-05 00:00:00,No,NA,4.2,6,user315@example.com,3436587433,Inactive
316.0,,,44079.7,2017-08-09 00:00:00,True,NA,4.9,3,user316@example.com,8756678918,Inactive
317.0,,18,68556.26,2019-09-05 00:00:00,No,Hyderabad,3.5,12,user317@example.com,7507627796,Pending
318.0,Unknown,39,NaN,2018-05-28 00:00:00,Yes,Bangalore,1.9,8,user318@example.com,4607176828,Active
319.0,Sara,,137765.84,2021-01-08 00:00:00,,Delhi,2.4,4,user319@example.com,1410321041,unknown
320.0,,36,101101.71,2023-04-29 00:00:00,False,,2.7,4,,7326022816,Pending
321.0,Priya,38,32442.89,2024-08-04 00:00:00,Yes,Bangalore,2.2,2,user321@example.com,6398275016,Active
322.0,Amit,31,102162.01,2016-03-16 00:00:00,No,,3.0,1,user322@example.com,,unknown
323.0,Amit,52,NaN,2015-09-20 00:00:00,False,,3.8,2,user323@example.com,7134070645,unknown
324.0,Neha,56,114187.19,2021-11-11 00:00:00,Yes,Delhi,5.0,13,user324@example.com,6743346789,
325.0,Neha,59,137718.22,2022-04-22 00:00:00,,Bangalore,1.3,7,user325@example.com,4840520544,Pending
326.0,Priya,53,unknown,2020-04-06 00:00:00,,Pune,,8,user326@example.com,3650663910,Inactive
327.0,Akshay,21,77513.29,2022-11-15 00:00:00,Yes,Mumbai,1.3,4,user327@example.com,6725199618,
328.0,Akshay,39,NaN,,No,NA,,5,user328@example.com,9564763350,Inactive
,Sara,,69201.94,2022-04-15 00:00:00,True,Mumbai,,16,user329@example.com,7710013739,Active
330.0,Ravi,53,145016.55,2024-09-18 00:00:00,No,Mumbai,3.8,15,user330@example.com,N/A,Active
331.0,Sara,59,32567.94,2016-09-24 00:00:00,False,NA,4.3,five,,6302747372,
332.0,,40,71911.07,2023-09-11 00:00:00,False,Pune,10,-1,user332@example.com,12345,
333.0,Ravi,22,115833.43,2018-06-25 00:00:00,Yes,Hyderabad,3.2,,user333@example.com,N/A,Active
334.0,Akshay,?,,2025-02-21 00:00:00,,Pune,3.7,19,invalid@,6398976917,
335.0,Priya,35,122427.26,2017-03-10 00:00:00,,?,10,0,user335@example.com,4547933455,unknown
336.0,,29,121663.65,2022-08-17 00:00:00,,NA,1.3,3,user336@example.com,1976492182,Pending
337.0,Unknown,67,64417.69,,False,,2.5,1,user337@example.com,3189248960,Active
338.0,Neha,28,127287.19,2019-09-22 00:00:00,No,Delhi,2.8,3,user338@example.com,7509793590,Pending
339.0,Ravi,23,NaN,not available,Yes,Mumbai,4.7,10,user339@example.com,1499789865,Inactive
340.0,Neha,55,126268.46,2020-01-01 00:00:00,True,Hyderabad,3.7,9,user340@example.com,8393451469,
341.0,Unknown,23,38366.15,2023-06-06 00:00:00,No,Bangalore,2.2,8,user341@example.com,9485181203,Pending
342.0,Sara,35,103326.37,2019-04-10 00:00:00,False,Delhi,bad,1,,3058811644,Inactive
343.0,Akshay,50,139958.43,2019-12-11 00:00:00,True,?,1.6,15,user343@example.com,8856922861,Inactive
344.0,Sara,69,85333.59,2020-05-14 00:00:00,Yes,Pune,10,5,user344@example.com,3861766284,Inactive
345.0,Unknown,51,28862.4,2023-04-30 00:00:00,True,Mumbai,3.0,14,user345@example.com,5022018590,Active
346.0,,31,133893.68,2023-04-25 00:00:00,Yes,Delhi,1.4,5,user346@example.com,8087559739,Inactive
347.0,Sara,40,39763.23,2023-05-17 00:00:00,No,Pune,3.3,-1,user347@example.com,7269795081,unknown
348.0,Akshay,42,27561.29,not available,True,Delhi,5.0,14,user348@example.com,2848284118,Active
,Amit,36,42186.42,2015-05-29 00:00:00,Yes,Pune,1.5,13,user349@example.com,1999204964,Active
,Amit,56,48704.34,2024-01-06 00:00:00,True,Hyderabad,,19,user350@example.com,7124981478,Inactive
351.0,,67,36992.35,,No,Pune,4.5,2,user351@example.com,6054691782,
352.0,Amit,54,70320.24,2025-03-05 00:00:00,False,Bangalore,1.0,1,user352@example.com,7362324698,
353.0,Unknown,38,22495.0,2025-01-10 00:00:00,,Pune,bad,-1,user353@example.com,4265419913,
354.0,Unknown,40,37824.26,2018-12-17 00:00:00,No,Hyderabad,3.5,12,user354@example.com,4583305689,Pending
355.0,,67,101808.84,2025-04-22 00:00:00,False,Pune,4.2,12,user355@example.com,1471313378,Pending
356.0,,66,,2016-11-30 00:00:00,True,Hyderabad,3.6,19,user356@example.com,N/A,
357.0,Sara,43,36535.97,2016-06-29 00:00:00,,,2.3,17,user357@example.com,3637459164,
358.0,Amit,69,131743.48,not available,,Pune,2.6,9,user358@example.com,1571853424,unknown
359.0,Amit,-5,NaN,2015-04-15 00:00:00,True,?,1.4,8,user359@example.com,3955516032,
360.0,Neha,?,NaN,2023-10-07 00:00:00,No,Hyderabad,2.8,0,user360@example.com,9290656497,unknown
361.0,Ravi,57,79992.07,not available,True,Delhi,3.5,1,user361@example.com,8029442759,Active
362.0,Sara,66,99811.37,2023-03-23 00:00:00,Yes,Delhi,2.8,12,user362@example.com,12345,Pending
363.0,Sara,-5,NaN,2021-11-19 00:00:00,,,1.4,11,user363@example.com,2903843414,
364.0,Sara,54,26218.01,2023-12-16 00:00:00,True,NA,1.3,10,user364@example.com,N/A,Active
365.0,Akshay,?,105674.62,2024-08-07 00:00:00,No,Pune,1.3,16,invalid@,3184331411,Active
366.0,Priya,38,unknown,2015-08-20 00:00:00,True,?,2.4,13,user366@example.com,5717573380,unknown
367.0,,22,105839.35,2024-05-16 00:00:00,False,Pune,1.3,9,user367@example.com,N/A,Pending
368.0,Sara,55,30740.3,not available,,Hyderabad,3.1,16,,5191848776,Active
369.0,Akshay,19,106755.55,2017-08-20 00:00:00,False,Bangalore,1.5,3,user369@example.com,5592412264,Active
370.0,Amit,58,144777.45,not available,,Hyderabad,2.9,17,user370@example.com,8725418644,unknown
371.0,Sara,53,unknown,2016-10-13 00:00:00,,NA,2.9,1,user371@example.com,7382387980,unknown
372.0,Neha,49,,2021-07-26 00:00:00,True,?,3.1,1,,,Pending
373.0,Unknown,28,25685.63,2021-05-09 00:00:00,,Bangalore,10,-1,user373@example.com,9998006728,Pending
374.0,Amit,,68381.71,2020-01-25 00:00:00,Yes,NA,3.2,17,,N/A,Inactive
375.0,Sara,39,55592.87,2020-06-26 00:00:00,No,Bangalore,10,11,,5349577328,
376.0,Neha,38,57167.88,2019-04-17 00:00:00,,Pune,2.3,6,user376@example.com,2109955339,
377.0,Neha,58,90722.16,2021-01-05 00:00:00,Yes,Mumbai,10,12,invalid@,,
378.0,Akshay,38,147191.65,2015-10-29 00:00:00,Yes,,,7,invalid@,8629783686,Pending
379.0,Akshay,40,105301.04,,No,NA,1.7,10,user379@example.com,5026051093,unknown
380.0,,-5,NaN,2022-12-17 00:00:00,Yes,Hyderabad,,12,,5758582017,Pending
381.0,Neha,46,109088.74,2021-10-19 00:00:00,No,Pune,4.3,14,user381@example.com,2775610133,Pending
382.0,,60,118564.05,,,?,4.0,2,user382@example.com,1402682909,Pending
383.0,Priya,56,95032.46,2018-07-28 00:00:00,No,,4.0,14,user383@example.com,5335046287,Pending
384.0,Priya,25,52068.25,2018-07-08 00:00:00,,Bangalore,,2,user384@example.com,2193580419,Inactive
385.0,Priya,57,45214.0,2020-01-30 00:00:00,Yes,,4.2,10,invalid@,3384071689,unknown
,,?,116505.25,2021-06-07 00:00:00,False,NA,3.5,1,user386@example.com,,Pending
387.0,,58,68783.79,2018-11-17 00:00:00,True,?,3.2,9,user387@example.com,8902585145,Inactive
388.0,Akshay,29,116945.39,,No,NA,1.8,1,,2580293496,unknown
389.0,Neha,37,62501.11,2019-11-14 00:00:00,True,Delhi,4.4,5,user389@example.com,1535642809,Inactive
390.0,Ravi,21,70098.86,2018-03-01 00:00:00,True,Bangalore,3.9,,user390@example.com,12345,unknown
391.0,Ravi,41,NaN,2017-10-10 00:00:00,No,Pune,3.4,4,user391@example.com,7067164628,Inactive
392.0,Neha,57,43188.44,2021-02-27 00:00:00,True,?,10,5,user392@example.com,6821798147,
393.0,Unknown,62,NaN,2023-06-19 00:00:00,True,Mumbai,2.6,6,,,unknown
394.0,Sara,21,86314.26,2024-10-26 00:00:00,,Pune,10,4,user394@example.com,7384888343,Pending
395.0,Akshay,51,97917.97,,False,?,3.4,18,user395@example.com,3733706558,unknown
396.0,Sara,63,39369.97,2016-10-25 00:00:00,Yes,?,2.3,5,,4387075486,Active
397.0,Unknown,53,87244.98,2016-03-07 00:00:00,,Pune,2.5,16,user397@example.com,,Pending
398.0,Neha,?,76422.52,2018-03-15 00:00:00,No,Hyderabad,10,19,user398@example.com,3569358074,Inactive
399.0,,45,115636.2,2017-08-28 00:00:00,True,?,3.9,12,user399@example.com,,Inactive
400.0,Ravi,50,74762.25,2018-07-07 00:00:00,No,Hyderabad,3.0,14,user400@example.com,9551822894,Pending
401.0,Neha,31,117138.55,2025-10-17 00:00:00,Yes,Bangalore,bad,8,user401@example.com,7819417487,
402.0,,?,46381.73,2016-05-14 00:00:00,Yes,Pune,2.4,17,user402@example.com,9702448588,Pending
403.0,Neha,60,23144.93,2021-04-20 00:00:00,False,Delhi,3.3,5,user403@example.com,12345,Inactive
404.0,Akshay,34,140850.2,2022-02-23 00:00:00,No,,4.8,9,user404@example.com,,Inactive
405.0,Akshay,52,75855.39,2016-08-03 00:00:00,True,Mumbai,4.4,4,user405@example.com,2967897673,unknown
406.0,Neha,22,NaN,,False,Delhi,10,3,user406@example.com,8005824601,Inactive
407.0,Sara,21,26479.46,2024-03-20 00:00:00,False,?,10,17,user407@example.com,1682505397,unknown
408.0,Priya,63,99329.27,2015-07-07 00:00:00,True,NA,2.6,19,user408@example.com,6509350807,Inactive
409.0,Sara,61,25797.34,2018-09-27 00:00:00,Yes,Bangalore,2.0,2,invalid@,,
410.0,Priya,45,122326.46,2017-06-24 00:00:00,True,Delhi,2.1,9,invalid@,4335946444,Inactive
411.0,,23,unknown,2019-04-29 00:00:00,False,Bangalore,1.6,,user411@example.com,9859028051,Active
412.0,Priya,35,137836.87,2019-01-04 00:00:00,False,Mumbai,,3,user412@example.com,7060609440,Pending
413.0,Ravi,44,65154.63,2022-05-10 00:00:00,,Pune,1.9,10,user413@example.com,8850634905,Pending
414.0,,61,122402.69,2020-12-29 00:00:00,True,,,-1,user414@example.com,3123780260,unknown
415.0,Neha,38,53348.91,2023-10-08 00:00:00,False,?,3.9,4,,5067488596,Inactive
416.0,Amit,29,65435.83,2016-02-29 00:00:00,,Delhi,1.1,3,user416@example.com,4653368134,Inactive
417.0,Ravi,39,92958.96,2016-08-15 00:00:00,Yes,Pune,4.9,1,user417@example.com,9880567976,Pending
418.0,Ravi,56,112018.56,2016-06-12 00:00:00,False,Hyderabad,3.5,13,user418@example.com,8932455521,Pending
419.0,Neha,18,unknown,2022-11-29 00:00:00,Yes,NA,1.7,1,user419@example.com,8945583727,Inactive
,Ravi,19,32683.13,2023-10-21 00:00:00,False,Hyderabad,2.6,6,user420@example.com,6543031371,Active
421.0,Ravi,,28095.5,2018-08-10 00:00:00,True,?,4.2,9,user421@example.com,12345,Inactive
422.0,,52,26754.36,2020-01-29 00:00:00,,,3.0,6,invalid@,1707408403,
423.0,,43,62927.96,2020-03-16 00:00:00,,Bangalore,4.0,14,user423@example.com,3833086542,
424.0,,39,41010.58,2017-02-20 00:00:00,,Delhi,10,8,invalid@,,
425.0,Akshay,57,148048.66,2023-06-25 00:00:00,True,,3.2,five,user425@example.com,5575018904,Inactive
426.0,Priya,20,138198.63,2023-09-04 00:00:00,True,Delhi,2.6,2,user426@example.com,,
427.0,,-5,33711.58,2024-08-08 00:00:00,Yes,Hyderabad,2.8,17,user427@example.com,5142395698,Pending
428.0,Priya,28,unknown,2021-12-26 00:00:00,No,,bad,11,user428@example.com,12345,unknown
429.0,Amit,27,32224.69,,True,Pune,2.4,-1,invalid@,3480744611,
430.0,Amit,-5,,2016-04-29 00:00:00,Yes,Delhi,bad,7,,7217407291,Active
431.0,,37,92516.62,2021-08-30 00:00:00,True,,2.3,2,,4891855618,Active
432.0,,44,55997.58,2015-02-09 00:00:00,Yes,Hyderabad,10,5,user432@example.com,12345,Inactive
433.0,,50,97754.64,2017-10-11 00:00:00,No,Delhi,1.7,4,,2891174659,unknown
434.0,,47,99988.74,2019-11-17 00:00:00,Yes,,4.4,8,user434@example.com,6667925878,unknown
,Ravi,33,148494.08,2023-09-16 00:00:00,No,?,4.9,12,user435@example.com,6007738115,unknown
436.0,Amit,45,134650.61,2019-10-25 00:00:00,No,Delhi,3.6,4,user436@example.com,1399562882,unknown
437.0,Akshay,50,23817.34,2020-04-23 00:00:00,False,,4.6,4,user437@example.com,4517850995,
438.0,Priya,55,90303.19,2021-03-08 00:00:00,True,Pune,4.0,five,invalid@,3023650698,Pending
439.0,Unknown,19,126812.8,2020-03-14 00:00:00,No,NA,2.3,1,user439@example.com,,Pending
440.0,Sara,,NaN,2017-09-08 00:00:00,Yes,Pune,4.3,15,,1485087387,
441.0,Amit,43,33082.87,2017-09-07 00:00:00,False,?,2.7,1,user441@example.com,,Inactive
442.0,Ravi,58,116157.27,2015-12-04 00:00:00,Yes,Bangalore,4.0,15,user442@example.com,4613989700,Inactive
443.0,,-5,124805.46,2022-12-19 00:00:00,False,Pune,4.9,2,user443@example.com,,unknown
444.0,Sara,50,36414.42,2021-05-08 00:00:00,,,bad,1,user444@example.com,12345,
445.0,Ravi,19,60939.55,2021-04-14 00:00:00,,?,1.3,6,user445@example.com,8970330824,Active
446.0,Sara,37,49533.34,2017-08-25 00:00:00,,Bangalore,1.3,five,user446@example.com,12345,
447.0,Priya,20,110239.57,2020-04-28 00:00:00,False,?,10,14,,6842778254,Pending
448.0,Priya,-5,47643.77,2021-03-24 00:00:00,,,4.1,-1,user448@example.com,3805312813,
449.0,,69,141979.63,2016-04-04 00:00:00,,Pune,1.9,8,user449@example.com,9843740923,unknown
450.0,,30,136850.16,2018-02-12 00:00:00,True,Bangalore,bad,0,user450@example.com,8175740666,Active
451.0,Unknown,44,92857.28,2025-01-22 00:00:00,Yes,Delhi,2.6,13,user451@example.com,N/A,Active
452.0,Amit,55,NaN,2015-05-22 00:00:00,,Mumbai,4.5,7,user452@example.com,6928775202,Inactive
453.0,Amit,36,146984.04,2025-09-22 00:00:00,,Mumbai,bad,five,user453@example.com,1180494616,
454.0,Amit,57,116187.54,2015-06-03 00:00:00,True,Hyderabad,4.9,15,invalid@,2255067730,
455.0,Ravi,63,138400.12,2018-12-20 00:00:00,False,NA,3.8,five,user455@example.com,5135238982,Active
456.0,,31,,not available,False,?,3.9,18,user456@example.com,6233173623,Active
457.0,Amit,55,35632.14,2022-06-16 00:00:00,No,Delhi,1.4,8,user457@example.com,N/A,unknown
458.0,Amit,-5,NaN,2021-06-25 00:00:00,No,Pune,3.3,19,user458@example.com,4541350029,unknown
459.0,Ravi,28,29651.31,2023-05-07 00:00:00,,Mumbai,10,five,,7866829352,Active
460.0,Ravi,21,28383.87,2017-09-14 00:00:00,No,Mumbai,4.4,8,,3547867245,Pending
461.0,Sara,39,135999.32,2023-10-04 00:00:00,No,Bangalore,3.5,15,user461@example.com,4599836221,unknown
462.0,Priya,66,57087.74,2021-05-04 00:00:00,No,Delhi,3.3,13,user462@example.com,7757483988,Inactive
463.0,Neha,,87787.94,2018-09-10 00:00:00,False,Mumbai,2.0,4,user463@example.com,4167820788,
464.0,Sara,26,138251.49,2018-09-09 00:00:00,True,Mumbai,4.5,1,user464@example.com,1107983879,
465.0,Neha,62,unknown,2015-12-09 00:00:00,True,?,2.7,11,user465@example.com,,unknown
466.0,,29,80376.32,2016-06-10 00:00:00,False,Pune,3.4,19,user466@example.com,1732643733,unknown
467.0,Ravi,57,143254.08,2019-04-23 00:00:00,False,,3.4,18,,8674034251,Inactive
468.0,,62,146199.61,2019-02-24 00:00:00,No,Hyderabad,4.8,1,,12345,unknown
469.0,Neha,44,116667.21,2019-11-28 00:00:00,False,Pune,2.1,5,,N/A,
470.0,Sara,23,135892.4,2025-05-21 00:00:00,No,?,bad,16,invalid@,3029343499,
471.0,Sara,23,NaN,2016-12-30 00:00:00,False,,4.6,18,user471@example.com,2934733752,Inactive
472.0,,46,81486.27,not available,Yes,Pune,3.5,13,user472@example.com,3037053267,Pending
473.0,Ravi,66,87154.44,2017-09-24 00:00:00,,Hyderabad,4.4,16,user473@example.com,8874036871,unknown
474.0,Akshay,60,129710.2,2022-12-22 00:00:00,Yes,NA,2.4,16,user474@example.com,6555492202,unknown
475.0,Sara,?,25770.41,2021-03-30 00:00:00,Yes,Pune,2.6,4,user475@example.com,3650280488,Active
476.0,Akshay,34,34798.99,2022-11-06 00:00:00,Yes,Pune,4.5,8,user476@example.com,9559083154,unknown
477.0,,28,37093.59,2024-12-08 00:00:00,No,Delhi,bad,12,user477@example.com,2674488999,unknown
478.0,Priya,61,114881.84,2016-08-06 00:00:00,True,Mumbai,4.6,12,,4085630041,Pending
479.0,Ravi,56,144024.31,2024-08-25 00:00:00,False,Delhi,1.0,13,user479@example.com,4563051438,Pending
480.0,,40,25272.64,2020-02-19 00:00:00,False,Hyderabad,bad,17,,5786687937,
481.0,Unknown,21,,2017-09-16 00:00:00,,Delhi,4.2,3,user481@example.com,5691327460,unknown
482.0,,36,97521.8,2017-07-24 00:00:00,No,Delhi,4.0,0,user482@example.com,5044681126,
483.0,,19,106914.44,2015-04-15 00:00:00,No,Pune,3.6,-1,user483@example.com,1043513097,Inactive
484.0,,31,102692.49,2023-09-25 00:00:00,Yes,,1.5,6,user484@example.com,N/A,
485.0,Amit,45,42340.3,2021-11-06 00:00:00,,Mumbai,1.5,1,user485@example.com,1285374117,Pending
486.0,,20,89415.77,not available,Yes,Hyderabad,1.6,16,user486@example.com,2812623357,Inactive
487.0,Sara,29,58355.29,2020-01-31 00:00:00,,Pune,1.3,14,invalid@,9203965796,
488.0,,38,125042.94,2018-02-24 00:00:00,True,Pune,2.4,five,user488@example.com,12345,Pending
489.0,Unknown,40,126174.02,2024-03-19 00:00:00,True,Hyderabad,4.4,five,user489@example.com,8953597546,Pending
490.0,,35,unknown,2021-10-03 00:00:00,Yes,NA,3.7,8,user490@example.com,4701155813,
491.0,,47,78034.54,,,?,4.2,2,user491@example.com,2851067454,Inactive
492.0,,40,61452.69,2022-02-20 00:00:00,False,Mumbai,1.0,five,user492@example.com,N/A,Active
493.0,Neha,-5,68106.8,2018-02-15 00:00:00,No,Mumbai,10,3,user493@example.com,6011626423,Pending
494.0,Unknown,45,75968.81,2023-12-12 00:00:00,No,,1.2,0,user494@example.com,,Pending
495.0,Amit,18,143063.78,2019-12-16 00:00:00,No,?,1.1,17,user495@example.com,N/A,unknown
496.0,,45,20872.35,2023-05-13 00:00:00,Yes,Pune,1.3,10,user496@example.com,12345,unknown
497.0,Akshay,66,33163.79,2016-07-29 00:00:00,Yes,Pune,3.4,1,user497@example.com,7244889408,Inactive
498.0,Priya,48,NaN,2024-06-21 00:00:00,Yes,Mumbai,1.7,17,user498@example.com,1981343133,Pending
499.0,Priya,41,85709.17,2020-10-23 00:00:00,Yes,,1.5,13,user499@example.com,9270549354,Active
500.0,,44,40803.24,2020-01-16 00:00:00,True,NA,2.3,14,user500@example.com,2242296861,
501.0,,59,137010.81,,Yes,Pune,1.5,9,user501@example.com,7884587203,Pending
502.0,Ravi,35,127471.96,2021-08-13 00:00:00,No,Bangalore,1.4,14,user502@example.com,6967779315,unknown
503.0,Ravi,34,70116.55,2023-05-14 00:00:00,False,Pune,4.1,4,,3052472296,unknown
504.0,,66,89193.48,2015-12-31 00:00:00,True,Bangalore,4.0,18,user504@example.com,6408802207,unknown
505.0,Sara,62,45301.1,2024-10-08 00:00:00,No,NA,3.0,11,user505@example.com,5150731051,
506.0,Akshay,28,92502.15,2019-03-03 00:00:00,Yes,Hyderabad,1.7,2,user506@example.com,3689655918,
507.0,Amit,51,83556.72,2021-10-18 00:00:00,,Bangalore,4.1,2,invalid@,4403853463,
508.0,Unknown,36,46170.57,2025-09-29 00:00:00,False,Delhi,1.6,4,user508@example.com,N/A,Inactive
,Ravi,34,112415.01,2020-03-24 00:00:00,False,NA,1.9,1,user509@example.com,2969098286,Active
510.0,Ravi,29,unknown,2021-04-12 00:00:00,No,Hyderabad,1.5,10,user510@example.com,4411108816,unknown
511.0,Amit,37,unknown,2020-05-14 00:00:00,False,Mumbai,10,13,user511@example.com,9349597195,unknown
512.0,Priya,23,39343.48,2021-01-03 00:00:00,True,NA,3.1,11,user512@example.com,7405592291,Inactive
513.0,Sara,55,87917.74,2018-05-24 00:00:00,,Hyderabad,2.8,10,user513@example.com,4717625522,Active
514.0,Sara,31,79277.31,2016-08-26 00:00:00,Yes,Hyderabad,4.3,14,user514@example.com,3046480546,unknown
515.0,Unknown,-5,,2023-07-17 00:00:00,No,NA,10,8,user515@example.com,2886134096,Inactive
516.0,Amit,34,130105.95,2025-10-10 00:00:00,,NA,2.0,5,user516@example.com,3192290828,Active
517.0,Neha,64,101457.03,2021-05-23 00:00:00,False,?,bad,15,user517@example.com,7342994399,Active
518.0,Neha,39,109403.87,2016-11-13 00:00:00,False,?,4.5,9,invalid@,8011723583,
519.0,Priya,38,66633.02,2021-02-19 00:00:00,,,10,8,user519@example.com,12345,unknown
520.0,Akshay,-5,56238.78,2016-11-26 00:00:00,True,?,10,14,user520@example.com,12345,Pending
521.0,Ravi,52,NaN,2015-01-19 00:00:00,,,1.8,16,user521@example.com,5356450950,Inactive
522.0,Akshay,20,115923.04,2015-01-25 00:00:00,,Bangalore,3.5,14,user522@example.com,,Pending
523.0,,54,20736.56,2016-10-09 00:00:00,No,,,4,user523@example.com,4290442878,
524.0,Priya,18,129969.79,2021-02-19 00:00:00,No,?,1.4,8,user524@example.com,5628468653,Active
,Neha,31,NaN,2024-06-17 00:00:00,False,Pune,3.7,5,user525@example.com,8766311099,Inactive
526.0,,30,143199.44,2018-08-06 00:00:00,Yes,Bangalore,1.0,18,user526@example.com,6335342459,Inactive
527.0,Sara,33,82173.78,2021-06-27 00:00:00,No,Pune,1.3,12,user527@example.com,6501872422,
528.0,Sara,20,124452.76,2017-08-31 00:00:00,Yes,Mumbai,1.6,five,,6675780828,Inactive
529.0,,56,81936.81,2021-06-26 00:00:00,True,NA,3.2,12,user529@example.com,1921820562,unknown
530.0,,36,unknown,2024-04-07 00:00:00,,Pune,,16,,7811237385,unknown
531.0,Amit,53,101221.9,not available,No,Hyderabad,1.3,17,user531@example.com,7284278961,Active
532.0,Ravi,45,,2025-10-24 00:00:00,True,Bangalore,10,19,user532@example.com,4452975511,unknown
533.0,Neha,32,unknown,2017-11-11 00:00:00,True,Bangalore,3.3,3,user533@example.com,4937590330,
534.0,Neha,40,NaN,2022-09-24 00:00:00,False,Delhi,2.1,13,user534@example.com,5869755729,unknown
535.0,Unknown,?,unknown,2025-06-28 00:00:00,No,Pune,3.5,10,user535@example.com,4215406795,unknown
536.0,Ravi,66,61286.28,2017-09-17 00:00:00,False,Bangalore,1.8,17,user536@example.com,9142084304,Inactive
537.0,,40,unknown,2018-01-16 00:00:00,Yes,Hyderabad,4.4,8,user537@example.com,6355067716,Inactive
538.0,Unknown,61,116317.53,2018-03-26 00:00:00,,Delhi,4.7,0,,4619420058,unknown
539.0,Priya,51,60735.23,not available,False,Delhi,4.2,14,user539@example.com,N/A,Inactive
540.0,Amit,68,76396.26,2021-02-02 00:00:00,True,Bangalore,2.5,11,,9973430180,Active
541.0,,34,109312.5,2021-03-15 00:00:00,,Mumbai,3.3,9,user541@example.com,,unknown
,Ravi,64,41703.9,2025-12-02 00:00:00,True,Bangalore,bad,10,user542@example.com,12345,Pending
543.0,,30,43764.94,2024-11-16 00:00:00,,Mumbai,4.0,16,user543@example.com,2280124509,
544.0,Akshay,26,33697.44,2023-04-15 00:00:00,True,Mumbai,3.5,4,user544@example.com,5745114512,Inactive
545.0,Unknown,54,84814.2,,False,Delhi,2.5,8,user545@example.com,1224863099,
546.0,Amit,24,NaN,2017-11-02 00:00:00,False,NA,2.7,12,user546@example.com,6205474831,unknown
,Akshay,26,NaN,2015-11-25 00:00:00,False,Bangalore,4.5,0,user547@example.com,2268310177,Inactive
548.0,Neha,26,37758.12,2024-02-17 00:00:00,,NA,1.5,2,invalid@,3930000411,Active
549.0,,57,80860.04,2017-12-24 00:00:00,,Delhi,4.6,10,invalid@,4536087088,Active
550.0,Priya,27,90694.74,2025-08-22 00:00:00,False,NA,4.3,13,user550@example.com,2628196516,Pending
551.0,Sara,55,63854.92,,True,,1.1,3,user551@example.com,7071549065,Pending
552.0,,52,84072.4,not available,No,Delhi,2.6,16,invalid@,2993273514,unknown
553.0,Sara,42,145254.9,2023-12-04 00:00:00,Yes,?,10,5,,2339445075,Inactive
554.0,,45,54742.84,2021-11-17 00:00:00,Yes,NA,3.1,11,user554@example.com,12345,
555.0,Sara,44,94796.2,2019-09-02 00:00:00,No,,4.1,8,user555@example.com,N/A,Inactive
556.0,Ravi,51,43626.09,2024-06-24 00:00:00,True,Delhi,1.1,0,user556@example.com,12345,Active
557.0,Unknown,24,65252.43,2025-02-26 00:00:00,True,Delhi,3.3,15,user557@example.com,12345,unknown
558.0,Sara,60,106190.95,2017-08-30 00:00:00,Yes,Bangalore,4.9,14,user558@example.com,9691274184,Pending
559.0,,-5,91105.22,2022-09-24 00:00:00,Yes,Mumbai,4.1,7,user559@example.com,12345,Active
560.0,Sara,62,71740.69,2016-10-05 00:00:00,True,Mumbai,4.6,8,user560@example.com,2059154529,Inactive
561.0,Akshay,51,82930.02,2018-01-07 00:00:00,No,Hyderabad,1.2,11,invalid@,7795534851,Pending
562.0,,?,144512.67,2016-01-28 00:00:00,Yes,Bangalore,2.0,19,,8063465290,Pending
563.0,Priya,32,92968.16,2015-10-05 00:00:00,No,Mumbai,2.5,11,,3673246233,unknown
564.0,Akshay,42,,2018-11-18 00:00:00,No,Pune,2.3,18,user564@example.com,3264586695,Inactive
565.0,,57,137834.73,2022-12-20 00:00:00,,?,3.7,10,invalid@,2482589232,Inactive
566.0,Amit,64,139273.16,2015-08-04 00:00:00,,Mumbai,3.9,14,,5562128113,Pending
567.0,Sara,43,39149.4,2020-08-14 00:00:00,False,?,3.0,8,user567@example.com,,Active
568.0,Neha,28,NaN,2021-04-14 00:00:00,Yes,Hyderabad,1.5,17,user568@example.com,7569838490,unknown
569.0,Ravi,51,51446.13,2024-12-23 00:00:00,,Pune,4.8,13,,3666782085,Active
570.0,Unknown,55,140725.84,2021-10-29 00:00:00,,Hyderabad,2.8,9,user570@example.com,7153897868,Active
571.0,Amit,48,25706.99,2017-09-16 00:00:00,False,Mumbai,4.5,7,user571@example.com,1588406480,
572.0,Sara,,147555.03,2021-07-08 00:00:00,True,,3.1,11,,5762660520,unknown
573.0,,33,102750.02,2018-06-29 00:00:00,No,NA,5.0,11,invalid@,,unknown
574.0,Unknown,28,79665.25,2021-05-10 00:00:00,,Delhi,3.4,5,,N/A,
575.0,,35,,2021-01-10 00:00:00,Yes,?,1.1,,user575@example.com,4899395642,
576.0,Sara,51,110780.45,2020-01-09 00:00:00,No,NA,3.1,1,user576@example.com,8547589878,Active
577.0,Priya,25,41017.29,2015-01-08 00:00:00,No,NA,4.1,3,user577@example.com,12345,unknown
578.0,Neha,64,50165.18,2024-07-30 00:00:00,,Hyderabad,10,6,user578@example.com,1698790074,Active
579.0,,37,93461.09,2020-02-21 00:00:00,False,Delhi,bad,11,user579@example.com,4588049316,Pending
580.0,Sara,27,121974.71,2024-10-23 00:00:00,Yes,?,3.2,10,user580@example.com,N/A,unknown
581.0,,38,48869.86,2019-11-23 00:00:00,True,Pune,bad,7,user581@example.com,12345,unknown
582.0,,19,86908.87,2017-08-01 00:00:00,,,1.4,4,user582@example.com,9715217784,Active
583.0,Akshay,46,82515.72,2019-08-04 00:00:00,,Delhi,1.0,-1,user583@example.com,7003662583,
584.0,Sara,44,144130.11,2020-12-16 00:00:00,True,Pune,10,6,user584@example.com,3729209666,Inactive
585.0,Priya,37,31793.82,2019-06-18 00:00:00,,Delhi,4.7,16,invalid@,6828790989,Active
586.0,Amit,34,122381.38,2015-04-26 00:00:00,Yes,Bangalore,2.5,17,user586@example.com,9170043136,Active
587.0,Priya,43,NaN,2020-03-15 00:00:00,True,Bangalore,4.9,,user587@example.com,1167202920,Inactive
588.0,Unknown,22,24682.45,2018-11-25 00:00:00,No,?,1.6,-1,user588@example.com,5082191068,Pending
589.0,Neha,21,95610.9,2016-10-12 00:00:00,False,NA,3.3,2,user589@example.com,2516339899,Pending
590.0,Sara,24,136232.26,2021-07-02 00:00:00,True,,bad,7,invalid@,2801515412,Inactive
591.0,Sara,31,121447.52,2017-05-23 00:00:00,True,Pune,4.6,17,,2096544135,Active
592.0,Ravi,58,58440.31,2015-04-22 00:00:00,,Delhi,4.4,13,user592@example.com,2564889562,Pending
593.0,Unknown,21,58381.43,2021-10-04 00:00:00,,Bangalore,2.8,14,user593@example.com,4121364131,unknown
594.0,Sara,51,120607.81,2022-01-27 00:00:00,False,Pune,3.6,2,,N/A,Active
595.0,Akshay,51,133864.8,2021-11-23 00:00:00,True,Pune,1.2,19,user595@example.com,2682871134,Active
596.0,Neha,58,20001.51,2025-06-29 00:00:00,Yes,Pune,1.2,5,user596@example.com,4105812280,Pending
597.0,Akshay,?,unknown,2019-08-01 00:00:00,True,,,7,user597@example.com,5338306132,Pending
598.0,Sara,37,49954.17,2019-09-11 00:00:00,No,Hyderabad,1.2,3,user598@example.com,8437701106,
599.0,,53,116446.52,,No,Hyderabad,4.4,17,,6692099261,Active
600.0,Akshay,54,,2022-01-28 00:00:00,No,Hyderabad,,15,user600@example.com,5833369272,Active
601.0,,65,137252.23,2020-03-24 00:00:00,Yes,Pune,2.6,15,invalid@,3329895221,
602.0,,38,39448.19,2015-09-29 00:00:00,,Pune,1.3,9,user602@example.com,5383750175,Inactive
603.0,Amit,51,121482.12,2016-06-04 00:00:00,True,Hyderabad,2.1,,user603@example.com,6434534392,Inactive
604.0,Ravi,34,98202.0,2021-10-19 00:00:00,,Bangalore,3.5,4,user604@example.com,,unknown
605.0,Amit,55,121495.14,2018-04-29 00:00:00,True,Bangalore,10,18,user605@example.com,2927639934,Active
606.0,Akshay,41,40673.25,2025-07-21 00:00:00,,?,3.9,5,user606@example.com,1524116974,
607.0,Amit,40,36266.28,2016-05-23 00:00:00,True,NA,4.4,16,,8761310458,unknown
608.0,,58,45381.28,2018-03-10 00:00:00,No,,1.9,19,user608@example.com,2339961168,Active
609.0,,20,NaN,2019-02-06 00:00:00,No,?,1.7,3,user609@example.com,5363952496,
610.0,Sara,-5,23275.14,2020-03-22 00:00:00,No,NA,1.5,13,user610@example.com,7940288800,Active
611.0,Sara,,146133.42,2016-12-01 00:00:00,True,Mumbai,1.4,18,user611@example.com,7641867640,Active
612.0,Neha,50,145714.59,2021-07-14 00:00:00,No,NA,2.7,five,user612@example.com,12345,Inactive
613.0,Akshay,22,113399.01,2016-01-25 00:00:00,False,Bangalore,1.5,15,user613@example.com,8768693848,unknown
614.0,Amit,37,108029.81,,True,?,3.5,1,user614@example.com,1304476999,Pending
615.0,,24,60672.21,,True,Mumbai,4.7,,user615@example.com,8871946511,unknown
616.0,Amit,36,101639.14,2016-05-14 00:00:00,False,,3.7,0,user616@example.com,12345,Inactive
617.0,,66,22573.44,2024-12-15 00:00:00,False,Hyderabad,2.2,-1,invalid@,N/A,Pending
618.0,Neha,44,73515.21,2023-01-28 00:00:00,True,?,2.3,13,user618@example.com,1293574773,Inactive
619.0,Sara,50,57148.58,2025-10-26 00:00:00,No,Mumbai,2.3,4,user619@example.com,9832968129,Pending
620.0,Unknown,47,68609.74,2016-03-27 00:00:00,True,Delhi,4.9,19,user620@example.com,8445268870,unknown
621.0,Ravi,32,unknown,2015-08-03 00:00:00,,Pune,1.8,18,user621@example.com,1435393271,unknown
622.0,Ravi,37,unknown,2023-06-28 00:00:00,False,Mumbai,2.3,9,user622@example.com,5210651704,Pending
623.0,Unknown,25,28775.33,2019-08-20 00:00:00,True,Bangalore,4.9,1,user623@example.com,7647684665,
624.0,Amit,22,147264.48,2016-11-11 00:00:00,No,Pune,4.0,19,user624@example.com,,Inactive
625.0,Sara,58,46577.27,2019-09-09 00:00:00,No,?,2.6,2,user625@example.com,7514563169,
,Amit,42,116220.98,2019-03-18 00:00:00,,Hyderabad,bad,9,invalid@,9454803477,Pending
,Akshay,43,98472.84,2024-03-20 00:00:00,No,Pune,1.7,14,invalid@,5588460051,Active
628.0,Sara,44,75948.72,2021-01-04 00:00:00,True,Bangalore,3.4,19,user628@example.com,6443450269,
629.0,,51,111493.0,2018-03-03 00:00:00,No,Bangalore,2.0,9,user629@example.com,4034952160,Inactive
630.0,Priya,49,99300.96,2017-01-14 00:00:00,No,,3.1,1,user630@example.com,1747675075,Pending
,Ravi,18,35218.59,2020-07-01 00:00:00,False,NA,1.6,14,user631@example.com,1870300538,Active
632.0,Neha,39,101276.62,,True,Delhi,2.5,,,2752998171,Active
633.0,Unknown,-5,101573.25,2015-10-28 00:00:00,False,Delhi,3.3,16,user633@example.com,,
634.0,Sara,26,78533.05,2020-04-04 00:00:00,True,NA,1.9,8,user634@example.com,N/A,unknown
635.0,,62,100242.37,2023-02-23 00:00:00,True,,,5,user635@example.com,3139067209,Active
636.0,Neha,67,116567.25,2016-11-20 00:00:00,True,Pune,1.4,14,user636@example.com,3202143098,
637.0,Amit,26,76990.05,2023-02-10 00:00:00,True,NA,3.4,16,user637@example.com,2039476905,unknown
638.0,Akshay,67,NaN,2021-03-09 00:00:00,Yes,,1.8,6,invalid@,12345,Pending
639.0,Ravi,66,126388.04,2018-02-08 00:00:00,True,,4.0,14,user639@example.com,1920868856,Inactive
640.0,,63,55204.82,2017-08-01 00:00:00,Yes,Delhi,4.6,10,user640@example.com,2824379825,Pending
641.0,Akshay,20,47994.77,2018-03-30 00:00:00,True,,3.7,17,,12345,Pending
,Sara,47,NaN,2018-08-20 00:00:00,True,Pune,,9,invalid@,8752803877,
643.0,Akshay,36,84155.13,2021-06-24 00:00:00,No,Bangalore,3.2,13,user643@example.com,8485619008,
644.0,Neha,44,87788.37,2016-11-21 00:00:00,No,Bangalore,4.1,16,user644@example.com,1885697020,Inactive
645.0,Ravi,23,123963.44,2015-10-22 00:00:00,True,NA,,16,user645@example.com,4845482165,unknown
,Priya,-5,131777.1,2020-02-17 00:00:00,True,Delhi,4.1,five,,2766689537,Pending
647.0,Priya,60,102934.05,2017-01-11 00:00:00,True,NA,2.7,3,user647@example.com,,
648.0,Amit,67,104411.9,2019-04-22 00:00:00,False,NA,4.1,17,invalid@,7442795070,
649.0,Sara,39,122062.7,2025-04-27 00:00:00,Yes,Delhi,1.1,3,user649@example.com,N/A,Pending
650.0,Amit,39,,2015-09-13 00:00:00,False,Hyderabad,10,five,user650@example.com,,Pending
651.0,Sara,24,NaN,2024-12-23 00:00:00,True,Mumbai,2.9,five,,,Pending
652.0,Neha,41,140524.38,2023-12-23 00:00:00,False,NA,2.1,2,user652@example.com,N/A,Inactive
653.0,,-5,73257.24,2019-11-13 00:00:00,Yes,,2.6,5,user653@example.com,5775490900,unknown
654.0,Unknown,65,87135.17,2020-07-25 00:00:00,True,Delhi,1.7,17,,4549739310,Inactive
655.0,Unknown,37,78006.16,2017-08-21 00:00:00,False,?,2.2,3,,7595153430,
656.0,Neha,42,66395.18,2024-04-13 00:00:00,No,Bangalore,1.3,12,,N/A,unknown
657.0,,-5,60013.46,2022-02-04 00:00:00,False,NA,4.2,4,invalid@,6899224240,unknown
658.0,Neha,59,55294.84,2022-12-05 00:00:00,False,?,4.5,,user658@example.com,4880753980,Active
659.0,,26,30093.3,not available,True,?,4.3,6,user659@example.com,7535219624,Inactive
660.0,Neha,22,108002.3,2021-11-17 00:00:00,No,Hyderabad,,11,user660@example.com,1056912766,unknown
661.0,Neha,39,58472.58,2024-01-24 00:00:00,False,?,bad,4,user661@example.com,1709891472,unknown
662.0,,57,132186.41,not available,False,Pune,,4,user662@example.com,8685552747,Active
663.0,,35,58582.27,2017-01-27 00:00:00,No,Delhi,1.3,16,user663@example.com,6006850282,Pending
664.0,Priya,49,135811.22,2023-04-10 00:00:00,No,?,1.5,14,user664@example.com,1910079209,unknown
665.0,Sara,45,60430.32,2025-04-08 00:00:00,False,Hyderabad,1.2,-1,user665@example.com,6444303998,Inactive
666.0,Priya,36,63637.6,not available,Yes,Pune,4.0,7,user666@example.com,2785740462,Inactive
667.0,Unknown,?,NaN,2024-03-14 00:00:00,No,NA,2.7,18,user667@example.com,6032387008,Pending
668.0,Neha,46,85014.66,2019-03-03 00:00:00,No,Mumbai,3.2,0,,5390064220,Active
669.0,,65,142864.84,not available,Yes,?,3.8,-1,user669@example.com,N/A,Active
670.0,,46,77082.42,2017-05-05 00:00:00,False,,bad,five,,,
671.0,Amit,43,unknown,2020-08-26 00:00:00,True,Bangalore,1.8,4,user671@example.com,N/A,Pending
672.0,Sara,43,136437.72,2017-10-27 00:00:00,No,,4.1,6,user672@example.com,N/A,Pending
673.0,Amit,18,22356.13,2016-06-12 00:00:00,,Delhi,bad,10,user673@example.com,3891571450,Inactive
674.0,Neha,20,92888.18,2025-02-17 00:00:00,False,Mumbai,1.9,15,user674@example.com,4140980533,Active
675.0,Sara,45,110645.8,2020-01-22 00:00:00,,Bangalore,4.3,15,user675@example.com,3083465714,
676.0,,61,63371.69,2025-06-13 00:00:00,No,Pune,bad,6,user676@example.com,7487813532,Pending
677.0,Priya,36,126677.84,2016-03-04 00:00:00,True,NA,2.9,10,user677@example.com,2759816621,unknown
678.0,Neha,47,104210.65,2022-05-29 00:00:00,True,Mumbai,4.6,-1,invalid@,7353373701,
679.0,Akshay,29,43624.03,2020-03-10 00:00:00,,,4.9,19,invalid@,5216400944,
680.0,Neha,62,78562.21,2021-07-08 00:00:00,True,Mumbai,bad,12,user680@example.com,,Pending
,Sara,32,50101.3,2015-08-09 00:00:00,,Mumbai,3.2,2,user681@example.com,9890597378,Pending
682.0,,31,68429.33,2020-10-07 00:00:00,False,,3.8,3,,6797969374,unknown
683.0,,60,140807.49,2024-07-17 00:00:00,True,Mumbai,1.9,16,user683@example.com,,Pending
684.0,Unknown,26,,2021-07-23 00:00:00,No,Hyderabad,3.5,1,,N/A,Pending
685.0,Ravi,32,26325.5,2020-05-09 00:00:00,Yes,Mumbai,4.1,4,user685@example.com,,Inactive
686.0,Priya,65,,2024-08-01 00:00:00,True,,2.4,19,user686@example.com,1062827874,unknown
,,54,unknown,2018-05-19 00:00:00,True,Pune,3.5,6,user687@example.com,8516097436,Active
688.0,Unknown,34,53570.03,2017-09-17 00:00:00,False,Delhi,3.4,3,user688@example.com,7780923364,Pending
689.0,Akshay,39,118574.75,2022-12-01 00:00:00,No,Pune,2.9,12,user689@example.com,2037237287,unknown
690.0,Sara,62,47938.64,2019-06-18 00:00:00,,NA,4.5,9,user690@example.com,N/A,Inactive
691.0,Sara,61,NaN,2016-01-30 00:00:00,False,Pune,1.8,16,user691@example.com,8284935169,Pending
692.0,Amit,67,69763.84,not available,False,Mumbai,4.3,17,user692@example.com,8714798303,Pending
693.0,Amit,66,NaN,2016-01-19 00:00:00,,NA,,5,user693@example.com,2134137582,Inactive
694.0,,20,142078.9,2024-01-07 00:00:00,No,Delhi,1.9,12,user694@example.com,3983460217,Active
695.0,,63,48433.03,2022-12-25 00:00:00,No,,4.3,9,user695@example.com,8673853911,Pending
696.0,,37,120576.13,2021-07-15 00:00:00,Yes,NA,2.5,7,user696@example.com,2992822436,Pending
697.0,Neha,?,53744.94,2017-12-29 00:00:00,Yes,NA,2.7,2,user697@example.com,8159055025,Pending
698.0,,?,121890.41,2018-05-25 00:00:00,,NA,4.6,7,user698@example.com,N/A,
699.0,Neha,46,76734.55,2015-03-18 00:00:00,False,Pune,4.3,1,user699@example.com,3476917941,unknown
700.0,Ravi,55,32339.33,2024-03-01 00:00:00,Yes,?,4.6,9,user700@example.com,9763240078,Active
701.0,Akshay,33,unknown,2021-04-19 00:00:00,Yes,Hyderabad,2.3,2,user701@example.com,12345,Pending
702.0,Akshay,69,135922.41,2023-02-12 00:00:00,,?,4.1,10,user702@example.com,6638338558,Inactive
703.0,Unknown,65,60585.53,2022-03-30 00:00:00,,NA,,5,user703@example.com,4274064863,
704.0,Neha,53,25061.94,2021-03-04 00:00:00,No,Bangalore,3.0,2,,4712712532,unknown
705.0,Priya,27,70777.17,2015-03-09 00:00:00,,Mumbai,,,invalid@,3741573148,Active
706.0,Neha,36,77498.19,2020-10-22 00:00:00,No,?,1.6,19,user706@example.com,6763439286,
707.0,Ravi,45,88598.07,2018-08-31 00:00:00,Yes,?,2.9,11,user707@example.com,8084586883,Active
708.0,Neha,66,79951.7,2025-04-07 00:00:00,True,Pune,3.4,10,user708@example.com,N/A,unknown
709.0,Amit,49,79119.36,2023-02-09 00:00:00,,Mumbai,2.4,17,invalid@,3785883112,Inactive
710.0,Akshay,27,92109.4,2017-04-12 00:00:00,False,NA,,6,,7784872177,Inactive
711.0,Akshay,64,78878.44,2021-10-13 00:00:00,True,NA,1.7,19,user711@example.com,8641187439,unknown
712.0,Neha,50,99260.67,2017-12-02 00:00:00,True,NA,2.8,7,user712@example.com,N/A,Inactive
713.0,,,124365.42,2024-01-07 00:00:00,No,Delhi,4.6,five,user713@example.com,7021059677,Pending
714.0,Unknown,,134610.03,2020-02-01 00:00:00,Yes,NA,3.3,5,user714@example.com,9251952931,Pending
715.0,Ravi,?,30212.52,2019-05-30 00:00:00,No,Pune,10,7,invalid@,9813227157,
716.0,Unknown,37,24126.69,2015-10-23 00:00:00,,Bangalore,1.9,,user716@example.com,3606387839,Pending
717.0,Neha,37,134526.49,2018-03-13 00:00:00,False,Delhi,10,13,user717@example.com,7858102506,
718.0,Priya,24,85204.84,2017-08-12 00:00:00,,NA,10,14,user718@example.com,5283104162,
719.0,Neha,68,23903.38,2018-06-11 00:00:00,False,?,3.8,7,,1267980509,unknown
720.0,Ravi,63,63586.28,,True,Bangalore,1.3,11,user720@example.com,3874658576,
721.0,Unknown,59,141935.48,2020-04-22 00:00:00,False,,3.2,1,user721@example.com,7082610246,unknown
722.0,Unknown,61,41855.36,2017-02-01 00:00:00,False,Hyderabad,2.9,5,user722@example.com,N/A,unknown
723.0,Akshay,41,,2017-06-24 00:00:00,,Delhi,1.3,14,user723@example.com,3275822675,
724.0,,20,148089.5,2020-08-02 00:00:00,Yes,Mumbai,4.9,7,invalid@,1998605661,Inactive
725.0,Neha,27,53340.2,2023-07-18 00:00:00,No,Mumbai,2.4,,user725@example.com,1268713951,Active
726.0,Akshay,53,47365.9,2023-08-24 00:00:00,False,Pune,4.6,17,user726@example.com,8856844830,unknown
727.0,Unknown,28,93243.09,2020-11-13 00:00:00,,Pune,1.6,5,user727@example.com,7466110887,Pending
728.0,Priya,63,NaN,2020-04-27 00:00:00,Yes,?,3.5,15,invalid@,9943291536,unknown
729.0,Sara,18,unknown,2024-02-01 00:00:00,,NA,bad,9,user729@example.com,4071702454,Pending
730.0,Neha,59,56649.48,2015-08-14 00:00:00,True,,2.8,12,invalid@,3466546351,Active
731.0,,35,106737.6,2017-07-24 00:00:00,Yes,Hyderabad,3.7,9,user731@example.com,N/A,Active
732.0,Ravi,32,25844.99,2019-03-07 00:00:00,True,Delhi,4.4,16,,6133201114,Inactive
733.0,Akshay,-5,NaN,2023-04-17 00:00:00,No,Mumbai,3.0,15,user733@example.com,3115568062,Inactive
734.0,,29,82813.51,not available,,Bangalore,4.4,6,user734@example.com,4692789986,unknown
735.0,,65,72884.62,2019-01-02 00:00:00,False,NA,3.8,7,user735@example.com,4822021484,unknown
736.0,Akshay,34,126321.32,2018-11-14 00:00:00,False,Delhi,3.3,13,user736@example.com,4185158988,Pending
737.0,Priya,49,56324.06,2023-12-07 00:00:00,False,NA,3.3,five,user737@example.com,8963989442,Active
738.0,,45,83799.45,2022-09-06 00:00:00,True,,4.3,5,invalid@,,Active
739.0,Akshay,25,92639.57,2020-01-28 00:00:00,False,NA,1.6,13,user739@example.com,6872898434,unknown
740.0,Ravi,29,92382.04,2019-12-28 00:00:00,False,Mumbai,,4,user740@example.com,9540635443,Pending
741.0,Sara,42,23280.85,2021-05-23 00:00:00,,,1.9,19,user741@example.com,8523391875,
742.0,Sara,30,NaN,2024-12-07 00:00:00,False,?,,9,invalid@,5524810160,
743.0,Priya,37,68948.94,2015-12-03 00:00:00,False,Delhi,1.6,0,user743@example.com,2508475790,Active
744.0,,30,32190.95,2023-07-27 00:00:00,,NA,1.9,12,user744@example.com,3010341286,
745.0,Unknown,54,80618.92,not available,True,Hyderabad,4.0,15,user745@example.com,7141739729,unknown
746.0,Amit,34,,not available,,Pune,3.8,12,user746@example.com,4041360109,Pending
747.0,,47,81839.42,2018-04-09 00:00:00,Yes,NA,1.1,15,user747@example.com,3011462835,Active
748.0,Amit,27,,2024-05-28 00:00:00,False,Hyderabad,3.0,19,user748@example.com,7662181280,Inactive
749.0,Akshay,69,140689.86,,Yes,Delhi,5.0,11,user749@example.com,,Active
,Amit,52,117985.43,2025-05-19 00:00:00,No,Mumbai,1.9,14,user750@example.com,1479288269,unknown
751.0,Neha,25,56536.47,2023-12-06 00:00:00,False,,3.8,10,user751@example.com,5533445490,
752.0,Sara,28,93900.44,2022-12-20 00:00:00,No,?,4.1,7,,6866434901,Pending
753.0,Unknown,67,61346.44,2016-05-07 00:00:00,,,4.3,7,,2214621616,Inactive
754.0,Sara,52,74415.7,2022-12-13 00:00:00,False,Bangalore,1.1,18,user754@example.com,8163438142,Pending
755.0,Neha,57,141316.66,2016-10-29 00:00:00,True,?,3.4,5,user755@example.com,N/A,Active
756.0,Ravi,36,45000.29,2017-11-17 00:00:00,Yes,Pune,4.4,4,,9215976112,unknown
757.0,Unknown,60,64170.13,2018-07-16 00:00:00,False,Pune,1.0,16,user757@example.com,2489863907,
758.0,Priya,63,123282.51,2021-04-18 00:00:00,True,Mumbai,2.4,-1,user758@example.com,1382207913,
759.0,,,64640.27,2025-08-15 00:00:00,True,Pune,3.2,,user759@example.com,9283405187,Active
760.0,,55,28035.1,2015-05-17 00:00:00,True,Delhi,2.0,11,user760@example.com,2918624280,
761.0,Priya,51,44621.14,2023-02-15 00:00:00,True,Pune,2.9,9,user761@example.com,4226281241,
762.0,Ravi,37,118002.85,2023-06-09 00:00:00,False,Bangalore,10,18,,1493049026,Pending
763.0,Akshay,44,27228.72,2015-09-28 00:00:00,False,Pune,bad,2,,2071414827,Pending
764.0,,43,113225.67,2021-07-26 00:00:00,No,NA,2.4,11,,2890034933,unknown
765.0,,?,44779.28,2016-10-31 00:00:00,Yes,Delhi,4.8,five,user765@example.com,2846653912,unknown
766.0,Priya,37,,2018-12-27 00:00:00,Yes,Bangalore,4.3,0,user766@example.com,3116643982,unknown
767.0,Ravi,63,unknown,not available,,Bangalore,3.4,13,user767@example.com,1706116372,Inactive
768.0,Sara,41,35155.8,2025-11-16 00:00:00,,?,bad,5,user768@example.com,N/A,Inactive
769.0,Amit,66,25882.39,2024-05-28 00:00:00,No,NA,3.9,3,user769@example.com,4526086619,Active
770.0,Sara,52,93658.68,2019-08-14 00:00:00,,Mumbai,,five,invalid@,N/A,unknown
771.0,,20,73411.42,,True,?,3.2,-1,user771@example.com,7772550892,Active
772.0,Ravi,54,35432.18,not available,True,Delhi,4.9,five,,1971844804,unknown
773.0,,-5,28740.44,2022-08-31 00:00:00,Yes,NA,4.1,7,user773@example.com,9003524362,Pending
774.0,Amit,45,48998.07,2019-06-14 00:00:00,True,Pune,4.2,7,user774@example.com,2057610620,unknown
775.0,Neha,45,147863.74,2021-11-09 00:00:00,Yes,Delhi,1.1,14,user775@example.com,5511216886,Inactive
776.0,Priya,48,unknown,2019-05-07 00:00:00,,,1.1,0,,1592212728,unknown
777.0,Neha,?,95092.13,not available,,Delhi,bad,9,,N/A,unknown
778.0,,38,116873.33,2015-01-22 00:00:00,False,?,2.9,12,user778@example.com,8755484846,
779.0,Akshay,,unknown,2019-12-14 00:00:00,,Delhi,bad,,,3393630709,Active
780.0,,43,40284.66,2015-06-15 00:00:00,,,2.9,13,user780@example.com,4611675397,Inactive
781.0,Neha,52,,2021-08-10 00:00:00,True,Hyderabad,1.7,7,,3475930254,Inactive
782.0,Unknown,44,unknown,2015-09-26 00:00:00,True,Mumbai,2.8,2,,5010423253,Pending
783.0,Neha,66,74698.96,2020-05-07 00:00:00,True,Pune,1.1,4,user783@example.com,7046232083,unknown
784.0,Priya,23,40958.45,2019-01-11 00:00:00,No,,3.5,3,,4986167032,Active
785.0,,-5,112917.93,2020-08-22 00:00:00,Yes,NA,1.9,11,user785@example.com,9779086574,
786.0,,61,110133.57,2021-10-02 00:00:00,Yes,Delhi,2.4,3,invalid@,8875441071,Inactive
787.0,,61,125907.23,2018-09-02 00:00:00,No,Delhi,10,16,user787@example.com,5749694016,Inactive
788.0,,-5,77734.98,2023-11-10 00:00:00,Yes,NA,10,12,user788@example.com,8197604665,Inactive
789.0,,31,56152.94,2016-04-07 00:00:00,False,Bangalore,2.6,3,user789@example.com,6017396507,Inactive
790.0,Amit,49,134312.93,2018-08-03 00:00:00,True,,1.4,7,user790@example.com,2344540134,Inactive
791.0,Ravi,62,128744.8,2022-03-15 00:00:00,True,Hyderabad,4.7,five,user791@example.com,6654697084,Pending
792.0,Neha,,101876.69,2022-10-16 00:00:00,Yes,Pune,4.0,,,5479875953,unknown
793.0,Priya,22,121525.3,,,Bangalore,,6,user793@example.com,3826324630,Active
794.0,Ravi,22,21047.68,2020-05-29 00:00:00,False,Bangalore,4.4,13,,4930155926,
795.0,Ravi,23,52652.0,2023-10-23 00:00:00,Yes,Hyderabad,2.0,8,,4872269513,Active
796.0,,37,NaN,2017-10-26 00:00:00,Yes,Hyderabad,2.3,2,user796@example.com,5322365066,
797.0,,60,NaN,2018-11-25 00:00:00,True,Delhi,3.8,3,user797@example.com,4128329000,Pending
798.0,Amit,36,64954.79,2016-12-26 00:00:00,No,Mumbai,4.3,2,invalid@,5863640768,
799.0,,37,unknown,2021-01-06 00:00:00,No,,4.1,five,invalid@,2851061777,Pending
800.0,,66,59584.03,2017-04-20 00:00:00,False,Pune,1.7,18,user800@example.com,N/A,
801.0,,64,74580.33,not available,No,,,19,user801@example.com,8629109528,unknown
802.0,Priya,45,36965.16,not available,,Pune,3.3,14,user802@example.com,4423995465,unknown
803.0,Neha,31,114150.23,not available,True,NA,3.8,8,user803@example.com,3842060109,Inactive
804.0,Priya,52,98318.43,2025-06-06 00:00:00,Yes,NA,1.3,,user804@example.com,9691758602,unknown
,Unknown,38,128543.14,2016-11-15 00:00:00,Yes,NA,2.2,16,user805@example.com,9276042705,Pending
806.0,Neha,28,unknown,2017-02-22 00:00:00,,,3.3,17,user806@example.com,9712995828,Pending
807.0,Amit,43,143078.28,,False,Mumbai,10,11,user807@example.com,9762841391,
808.0,,59,96485.79,not available,No,Pune,2.6,6,user808@example.com,7632282753,
809.0,Akshay,43,55781.09,2021-05-19 00:00:00,Yes,Delhi,3.3,7,user809@example.com,6130113598,
,Akshay,57,32115.5,2015-05-21 00:00:00,True,?,bad,10,user810@example.com,1952546366,unknown
811.0,,?,49161.41,2016-01-11 00:00:00,False,,2.0,7,user811@example.com,1386187353,Active
812.0,,33,45122.42,2016-09-21 00:00:00,,NA,2.3,11,user812@example.com,1358736797,Inactive
813.0,,?,56366.98,2019-12-11 00:00:00,False,Bangalore,bad,9,user813@example.com,9810239980,
814.0,Ravi,69,84029.6,2024-03-18 00:00:00,Yes,Delhi,,2,user814@example.com,3456703593,Inactive
815.0,Ravi,38,124706.2,2020-09-05 00:00:00,,Hyderabad,4.6,-1,user815@example.com,1641021587,Pending
816.0,Sara,42,54862.67,2018-04-02 00:00:00,,,bad,1,user816@example.com,5834267359,Active
817.0,Ravi,33,,2023-10-23 00:00:00,True,Bangalore,bad,4,user817@example.com,5443885411,Inactive
818.0,Neha,47,70948.37,2016-04-15 00:00:00,No,Hyderabad,4.2,10,user818@example.com,9486995829,
819.0,Priya,46,64826.29,2016-11-22 00:00:00,True,Delhi,4.6,,user819@example.com,9053570675,Active
820.0,Priya,64,122767.67,2015-05-28 00:00:00,No,Bangalore,3.7,3,user820@example.com,7000035665,unknown
821.0,Akshay,22,40321.21,2022-05-09 00:00:00,Yes,Pune,3.1,,,8178053561,Active
822.0,Neha,21,55183.71,,False,NA,1.3,9,user822@example.com,1670880361,unknown
823.0,Priya,48,148494.73,2018-03-16 00:00:00,Yes,Delhi,1.7,2,user823@example.com,,Active
824.0,,38,132593.2,2018-09-24 00:00:00,True,Bangalore,4.9,1,invalid@,7131007617,Active
825.0,Amit,19,62937.01,2025-07-23 00:00:00,,NA,3.0,-1,user825@example.com,4347998723,unknown
826.0,Ravi,24,22106.05,2015-11-02 00:00:00,True,Pune,2.0,16,user826@example.com,3114121674,Inactive
827.0,Sara,-5,148955.16,2015-11-17 00:00:00,False,Mumbai,bad,14,user827@example.com,8694277318,Active
828.0,Akshay,19,98321.08,2025-07-10 00:00:00,No,,1.4,10,user828@example.com,1580164802,Inactive
829.0,Neha,29,39730.8,2022-10-13 00:00:00,,Pune,3.4,1,user829@example.com,3931454607,Inactive
830.0,Akshay,?,20702.64,2022-07-04 00:00:00,No,Bangalore,2.7,5,user830@example.com,8268606395,unknown
831.0,,59,50333.27,2017-04-24 00:00:00,No,Bangalore,3.6,9,invalid@,9847389092,unknown
832.0,Ravi,33,47603.42,,False,Pune,1.5,five,user832@example.com,5488227178,unknown
833.0,Sara,44,115439.66,not available,Yes,Hyderabad,2.4,1,invalid@,2998606923,Pending
834.0,,43,21778.71,2020-03-02 00:00:00,No,,4.2,15,user834@example.com,,
835.0,Amit,37,NaN,2023-07-08 00:00:00,True,,,1,user835@example.com,3889856434,Pending
836.0,Unknown,53,NaN,,False,Hyderabad,1.7,1,user836@example.com,7003866817,Inactive
837.0,Sara,46,124777.26,2022-04-14 00:00:00,,Mumbai,3.3,6,user837@example.com,7643010157,
,Sara,31,129176.65,2019-10-18 00:00:00,,?,2.4,11,user838@example.com,5910356471,
839.0,Sara,23,112913.45,2018-12-14 00:00:00,,?,3.9,15,,4866604899,Pending
840.0,Akshay,42,60025.23,2023-03-08 00:00:00,No,NA,3.7,17,,6565522114,
841.0,,40,,2016-04-24 00:00:00,True,Mumbai,4.0,15,user841@example.com,7194917094,
842.0,Amit,48,25521.09,2021-09-09 00:00:00,True,?,2.3,12,user842@example.com,2472018118,unknown
843.0,,63,37494.91,2019-04-29 00:00:00,Yes,Pune,4.7,,user843@example.com,9239454702,Active
844.0,Akshay,61,104472.45,2020-11-26 00:00:00,Yes,Hyderabad,4.6,7,user844@example.com,,unknown
845.0,Akshay,31,35368.42,2017-05-14 00:00:00,False,,1.1,five,user845@example.com,5350361525,Active
846.0,Amit,40,,2017-03-10 00:00:00,No,?,4.4,-1,user846@example.com,3375597852,
847.0,Akshay,23,125593.56,2025-01-26 00:00:00,True,Hyderabad,2.5,12,user847@example.com,2669566971,Inactive
848.0,Neha,-5,49344.6,2020-10-20 00:00:00,True,Hyderabad,1.4,19,user848@example.com,7202377559,Active
849.0,Akshay,28,89143.33,2019-10-20 00:00:00,True,,bad,-1,user849@example.com,2313160302,
850.0,Akshay,18,72351.48,2025-12-10 00:00:00,False,Bangalore,4.4,7,user850@example.com,3983515247,unknown
851.0,Neha,68,67407.19,2021-02-13 00:00:00,False,,1.5,11,user851@example.com,2102704915,Pending
852.0,Amit,26,124532.44,2015-08-31 00:00:00,True,Hyderabad,3.0,5,user852@example.com,12345,Pending
853.0,Akshay,44,100492.46,2016-10-14 00:00:00,,Delhi,3.7,five,,2222095957,Inactive
854.0,,45,77594.38,2020-05-26 00:00:00,Yes,?,bad,12,invalid@,6293724714,unknown
855.0,Unknown,36,49384.32,2023-12-16 00:00:00,No,Delhi,4.9,15,user855@example.com,3325185435,
856.0,Sara,26,31184.18,2015-07-30 00:00:00,False,?,4.3,18,user856@example.com,9876382646,Active
857.0,Akshay,31,26252.0,2017-12-01 00:00:00,No,Pune,4.3,5,user857@example.com,7434419114,Pending
858.0,Unknown,36,109610.35,not available,Yes,NA,2.0,5,user858@example.com,3635554729,
859.0,,45,136731.59,2018-06-09 00:00:00,,?,bad,7,user859@example.com,9133101486,Inactive
860.0,Amit,24,103325.52,2024-04-11 00:00:00,True,NA,5.0,11,user860@example.com,8604012901,Active
861.0,Sara,63,NaN,2022-05-23 00:00:00,,Delhi,10,10,user861@example.com,1089911341,Inactive
862.0,Ravi,41,,2016-12-20 00:00:00,False,Delhi,1.2,19,,7992720131,Pending
863.0,,28,140983.52,2020-08-16 00:00:00,False,Pune,2.8,10,user863@example.com,2077517526,Active
864.0,Ravi,62,35658.15,2024-11-20 00:00:00,Yes,Bangalore,3.3,18,user864@example.com,3172959907,
865.0,Unknown,31,41049.99,2017-03-08 00:00:00,,Pune,3.0,2,user865@example.com,9336738803,unknown
866.0,Sara,46,133445.16,,Yes,Bangalore,2.8,18,invalid@,6958298217,
867.0,Priya,64,100135.66,,,Mumbai,2.8,5,user867@example.com,5039433705,unknown
868.0,Ravi,24,104339.5,2025-05-21 00:00:00,,?,1.8,9,,6422269880,
869.0,Ravi,24,88283.59,,Yes,Mumbai,1.4,19,user869@example.com,1544705024,Active
870.0,Priya,61,70926.52,2017-07-18 00:00:00,True,Mumbai,1.2,3,user870@example.com,12345,
871.0,Sara,60,110765.8,2018-07-07 00:00:00,Yes,Mumbai,3.2,17,user871@example.com,1423459004,
872.0,Neha,52,35142.12,2017-07-08 00:00:00,No,Bangalore,4.2,17,user872@example.com,2702149777,Active
873.0,Priya,45,58522.35,2022-01-19 00:00:00,,,3.2,3,user873@example.com,12345,Pending
874.0,,54,30480.0,2015-10-31 00:00:00,False,Bangalore,2.3,15,user874@example.com,6647926549,unknown
875.0,Priya,28,122883.27,2021-05-04 00:00:00,Yes,Hyderabad,4.3,17,user875@example.com,6484970676,Active
876.0,Akshay,24,108203.85,not available,No,Pune,2.3,12,invalid@,12345,Inactive
877.0,,23,113868.59,2019-10-02 00:00:00,True,Mumbai,4.2,18,user877@example.com,2815293841,Inactive
878.0,Ravi,48,149432.92,2019-04-15 00:00:00,No,?,3.7,0,user878@example.com,8772495076,Pending
879.0,Neha,29,,2025-02-18 00:00:00,Yes,Hyderabad,3.5,6,user879@example.com,4753264373,Inactive
880.0,Amit,,31197.18,2019-11-18 00:00:00,No,Delhi,1.9,10,user880@example.com,6804829812,unknown
881.0,,32,99349.07,2019-02-19 00:00:00,,NA,,11,,5840841489,Pending
882.0,Priya,20,44606.87,2025-05-21 00:00:00,,Delhi,2.5,4,user882@example.com,7195822496,Inactive
883.0,,-5,,2021-08-08 00:00:00,Yes,Bangalore,1.2,five,user883@example.com,12345,
884.0,,28,unknown,2016-08-02 00:00:00,No,Mumbai,1.8,3,user884@example.com,N/A,Inactive
885.0,Amit,66,85461.11,2020-06-30 00:00:00,True,Pune,3.2,11,invalid@,8663963160,
886.0,Sara,38,73838.34,2015-05-24 00:00:00,Yes,Hyderabad,4.5,6,user886@example.com,1090284985,unknown
887.0,Unknown,?,unknown,2016-03-04 00:00:00,,Pune,4.3,4,invalid@,N/A,Inactive
888.0,Priya,-5,98566.71,2019-04-27 00:00:00,No,NA,bad,9,,5639018766,
889.0,,24,77438.38,2020-03-17 00:00:00,False,,,2,invalid@,6948970379,Pending
890.0,Unknown,64,131124.75,2024-05-13 00:00:00,True,NA,2.9,7,user890@example.com,5919140691,unknown
891.0,Neha,64,85740.58,,False,Pune,1.2,,,,Active
892.0,Amit,62,91927.78,2023-06-15 00:00:00,False,Hyderabad,3.3,15,user892@example.com,3396049211,Pending
893.0,Sara,31,unknown,,,Pune,4.8,6,,8826886881,Active
894.0,Priya,58,137359.29,,No,?,3.1,five,user894@example.com,9357881322,
895.0,Ravi,,96597.9,2019-10-02 00:00:00,,Hyderabad,2.2,17,user895@example.com,4420874427,Active
896.0,Sara,,36026.89,2018-10-23 00:00:00,True,,3.7,3,user896@example.com,1253857558,
897.0,Neha,60,109794.42,not available,False,Bangalore,3.9,,user897@example.com,1612275729,Active
898.0,Amit,30,31848.28,2019-12-25 00:00:00,False,?,1.3,18,,2784314087,
899.0,Unknown,49,23120.66,not available,False,NA,,0,user899@example.com,1422728673,
900.0,Sara,65,144373.66,2017-06-22 00:00:00,,Pune,3.2,15,user900@example.com,2017580812,Pending
901.0,Ravi,22,32605.54,2018-02-15 00:00:00,False,NA,,17,invalid@,7819106761,Inactive
902.0,Unknown,62,81761.68,not available,No,?,4.7,14,user902@example.com,2205171313,
903.0,,64,65491.92,2025-05-14 00:00:00,Yes,Bangalore,4.4,6,user903@example.com,3951911961,Inactive
904.0,,63,NaN,2017-11-03 00:00:00,,Pune,,12,user904@example.com,3708910784,
905.0,,68,116158.78,2022-08-05 00:00:00,,Mumbai,1.7,18,user905@example.com,8775901771,Pending
906.0,Amit,45,74601.43,2016-11-29 00:00:00,Yes,Bangalore,2.5,19,user906@example.com,1778357885,unknown
907.0,Amit,66,unknown,2023-07-06 00:00:00,Yes,Mumbai,bad,,user907@example.com,,
908.0,Sara,43,135717.95,2015-05-07 00:00:00,True,Bangalore,2.7,15,user908@example.com,7024720204,Pending
,Amit,40,93911.79,not available,,?,1.2,15,user909@example.com,1571272749,Active
910.0,Akshay,25,40635.78,2021-03-11 00:00:00,,Hyderabad,10,7,user910@example.com,5258600856,unknown
911.0,Sara,58,,2020-10-13 00:00:00,False,Bangalore,2.4,18,invalid@,N/A,
912.0,Amit,40,82894.33,2017-07-07 00:00:00,,Hyderabad,3.4,12,user912@example.com,3817083284,Pending
913.0,Priya,56,NaN,2017-07-07 00:00:00,,,2.3,11,user913@example.com,5591979607,Active
914.0,Unknown,68,127574.84,2016-03-10 00:00:00,True,NA,,9,user914@example.com,,Active
915.0,,?,81493.58,2018-12-26 00:00:00,False,Hyderabad,3.3,5,,3436925548,
916.0,Neha,48,45448.23,2015-10-23 00:00:00,True,?,3.4,12,user916@example.com,1572012886,Active
917.0,Ravi,37,53973.29,2022-04-30 00:00:00,True,Delhi,1.2,8,user917@example.com,6532710424,Inactive
918.0,Akshay,67,74016.83,2024-04-25 00:00:00,Yes,Mumbai,2.1,five,user918@example.com,5687135621,
919.0,Sara,62,61429.65,,,NA,1.4,2,,9851506400,Pending
920.0,Unknown,41,24021.01,2020-06-06 00:00:00,True,?,,16,invalid@,12345,Active
,Priya,69,72957.52,2019-11-08 00:00:00,,Hyderabad,2.0,0,user921@example.com,3123952048,Inactive
922.0,,60,,2024-09-23 00:00:00,False,Mumbai,4.6,1,,4479615378,Pending
923.0,Amit,40,75857.54,2016-06-11 00:00:00,True,Hyderabad,2.2,8,user923@example.com,12345,
924.0,Sara,18,62564.72,not available,,Mumbai,1.7,15,user924@example.com,7167552344,unknown
925.0,Unknown,?,NaN,2025-11-08 00:00:00,True,Hyderabad,3.4,5,user925@example.com,8613563913,Active
926.0,Sara,47,112936.94,2015-10-01 00:00:00,True,Mumbai,,19,user926@example.com,,Pending
927.0,,26,98629.13,2016-05-30 00:00:00,False,NA,3.6,8,user927@example.com,4430200456,
928.0,,43,141257.88,2015-09-29 00:00:00,No,NA,2.3,19,user928@example.com,2969322230,Active
929.0,Unknown,22,93396.78,,,NA,3.7,1,user929@example.com,5001794572,Pending
930.0,Priya,21,149603.42,2024-04-24 00:00:00,Yes,Bangalore,1.8,five,user930@example.com,4778507783,Inactive
931.0,Neha,20,26398.72,2024-05-30 00:00:00,No,Pune,,8,invalid@,6395301492,unknown
932.0,Ravi,28,48684.64,2024-10-20 00:00:00,,Delhi,1.1,3,user932@example.com,9210800123,Inactive
933.0,,26,NaN,2021-06-13 00:00:00,No,NA,3.0,6,invalid@,12345,Inactive
934.0,Unknown,57,124488.18,not available,,NA,1.3,13,user934@example.com,,Active
935.0,Priya,43,121645.82,2017-01-04 00:00:00,Yes,Mumbai,,17,user935@example.com,3884967553,Active
936.0,Ravi,42,114810.27,2022-12-28 00:00:00,Yes,Hyderabad,3.5,5,user936@example.com,1997397458,unknown
937.0,Priya,39,72692.3,2019-01-30 00:00:00,Yes,Mumbai,bad,14,user937@example.com,8659589775,Inactive
938.0,Priya,?,125570.09,2024-05-25 00:00:00,False,Bangalore,2.5,11,user938@example.com,3824869330,Active
939.0,,55,103403.91,2024-11-22 00:00:00,No,,2.4,15,invalid@,7639691024,Pending
940.0,,62,131630.76,2023-11-01 00:00:00,No,,4.1,3,user940@example.com,12345,
941.0,,42,138536.42,2017-07-02 00:00:00,True,?,bad,5,user941@example.com,2409436797,
942.0,Akshay,?,63110.19,2020-02-16 00:00:00,True,Delhi,,13,user942@example.com,,unknown
943.0,Sara,41,NaN,2021-07-06 00:00:00,False,NA,3.0,18,user943@example.com,6635272161,
944.0,Sara,45,124311.48,not available,Yes,Bangalore,4.4,13,user944@example.com,8139583159,Active
945.0,Sara,56,117737.27,2018-09-13 00:00:00,No,Mumbai,4.5,15,invalid@,5237256300,Pending
946.0,Neha,18,97719.2,2018-05-08 00:00:00,,Hyderabad,3.7,3,user946@example.com,1230359655,Pending
947.0,Sara,24,113270.45,2019-10-21 00:00:00,No,Bangalore,1.9,6,user947@example.com,4524244602,Inactive
948.0,Akshay,28,107963.8,2016-11-20 00:00:00,Yes,Bangalore,2.6,4,user948@example.com,2322309306,Active
949.0,,34,79916.78,2018-11-13 00:00:00,False,Delhi,4.9,2,user949@example.com,7022505058,Pending
950.0,,69,80942.68,2018-10-23 00:00:00,False,?,3.8,16,user950@example.com,7046360625,unknown
951.0,Priya,31,62394.02,2023-08-17 00:00:00,No,Bangalore,4.8,14,user951@example.com,8006706467,Pending
952.0,Priya,25,110374.37,not available,,,10,14,user952@example.com,2281070440,unknown
953.0,Unknown,51,120815.69,2015-12-18 00:00:00,,,3.3,19,user953@example.com,1951409420,Pending
,Akshay,18,27301.06,2015-03-20 00:00:00,No,NA,2.4,1,user954@example.com,7187608565,Active
955.0,,24,134388.9,2025-12-12 00:00:00,True,Pune,1.5,5,invalid@,9515801479,unknown
956.0,Amit,44,52496.48,2023-12-25 00:00:00,Yes,Pune,,4,user956@example.com,9028044888,Inactive
957.0,Sara,47,,2023-08-31 00:00:00,No,Pune,2.9,2,user957@example.com,4522961167,Active
958.0,,67,104337.12,2022-04-26 00:00:00,No,Delhi,1.5,15,user958@example.com,N/A,Active
959.0,Sara,19,,2023-10-09 00:00:00,Yes,Mumbai,3.1,1,user959@example.com,7854983045,Pending
960.0,Ravi,34,149445.48,2021-06-30 00:00:00,,Mumbai,10,4,user960@example.com,3451401892,Pending
961.0,Priya,57,82231.63,2018-12-20 00:00:00,True,Pune,1.9,8,user961@example.com,8919401791,Inactive
962.0,Priya,39,116497.99,2019-01-02 00:00:00,No,Hyderabad,4.0,13,user962@example.com,4109681681,Inactive
963.0,Priya,24,140745.03,2020-11-14 00:00:00,Yes,NA,bad,0,user963@example.com,12345,Active
964.0,Amit,41,60001.37,2020-12-12 00:00:00,,,2.4,10,user964@example.com,N/A,Pending
965.0,Amit,49,112430.13,not available,True,Hyderabad,bad,9,user965@example.com,4218558390,Active
966.0,Akshay,53,139319.31,,No,Hyderabad,bad,five,invalid@,6294527951,unknown
967.0,Amit,51,26997.97,2022-12-31 00:00:00,False,Bangalore,bad,16,user967@example.com,1348597687,Inactive
968.0,Ravi,35,78786.32,2020-11-30 00:00:00,,Delhi,10,4,user968@example.com,3185683369,Pending
969.0,Unknown,34,131987.94,,True,?,4.5,18,user969@example.com,12345,Pending
970.0,Ravi,47,121146.02,2017-04-05 00:00:00,False,?,1.2,6,user970@example.com,7710583046,Inactive
971.0,,57,56327.89,2024-10-17 00:00:00,,NA,,0,user971@example.com,N/A,
972.0,Sara,21,NaN,not available,True,,5.0,five,user972@example.com,3296351193,Active
973.0,Ravi,31,,2022-01-12 00:00:00,No,?,1.0,11,user973@example.com,6303229874,Active
974.0,,68,22375.76,2022-01-23 00:00:00,,Delhi,4.3,-1,user974@example.com,12345,Active
975.0,,55,148945.6,2025-04-23 00:00:00,No,,2.0,14,user975@example.com,7681034558,Active
976.0,Neha,52,67225.46,2017-09-15 00:00:00,Yes,Mumbai,4.5,19,user976@example.com,7412201372,Pending
977.0,Amit,68,62920.27,not available,False,Hyderabad,1.4,15,user977@example.com,6573365494,Pending
978.0,Amit,34,60901.76,2021-11-23 00:00:00,Yes,,1.7,13,user978@example.com,1302948267,Inactive
979.0,Akshay,51,,2025-08-10 00:00:00,False,NA,,17,invalid@,1183565184,unknown
980.0,Neha,69,132404.81,2022-07-20 00:00:00,,Pune,1.3,18,user980@example.com,N/A,Inactive
981.0,Neha,18,52104.95,2020-05-26 00:00:00,No,NA,1.6,7,user981@example.com,7493047631,Inactive
982.0,Sara,45,120027.54,2016-08-08 00:00:00,False,,,10,user982@example.com,4520262008,Pending
983.0,,40,147503.19,2022-07-03 00:00:00,,Hyderabad,bad,6,user983@example.com,6914401581,Inactive
984.0,Unknown,62,unknown,2021-11-04 00:00:00,Yes,Pune,4.0,15,user984@example.com,6129365937,Inactive
985.0,Sara,34,85434.87,2020-02-05 00:00:00,No,?,3.6,8,user985@example.com,5802728686,
,Sara,23,123106.71,2017-06-20 00:00:00,False,Pune,2.7,12,user986@example.com,8450516576,
987.0,Sara,32,110947.55,2016-07-20 00:00:00,True,Bangalore,10,4,user987@example.com,3163326081,Active
988.0,Sara,50,86058.42,2017-03-16 00:00:00,False,Mumbai,2.5,13,user988@example.com,2471417497,
989.0,Neha,52,,2020-10-27 00:00:00,Yes,Bangalore,3.5,1,user989@example.com,5028954792,Active
990.0,,58,139294.15,not available,No,Bangalore,bad,2,user990@example.com,,Pending
991.0,,,127372.32,2021-05-23 00:00:00,,Bangalore,4.2,6,user991@example.com,2437907968,Inactive
992.0,Unknown,31,107282.79,2022-01-09 00:00:00,,Mumbai,,6,invalid@,5932799046,Inactive
993.0,Amit,43,97540.72,2019-10-30 00:00:00,,Delhi,10,16,user993@example.com,1844769353,Inactive
994.0,Sara,68,50872.83,2019-09-02 00:00:00,Yes,Hyderabad,,18,user994@example.com,3259507231,Active
995.0,Akshay,32,NaN,2016-07-27 00:00:00,True,Delhi,4.3,16,user995@example.com,6068742785,Active
996.0,Neha,53,87248.15,2020-08-22 00:00:00,Yes,?,,,user996@example.com,5605394431,Active
997.0,Amit,43,61093.17,2020-10-22 00:00:00,,NA,,4,user997@example.com,2661324453,Pending
998.0,Unknown,58,30475.51,2024-07-27 00:00:00,Yes,Mumbai,1.8,0,user998@example.com,,Inactive
999.0,Amit,34,NaN,2016-12-28 00:00:00,No,NA,,4,user999@example.com,N/A,Pending
